id;access_date;access_ip;request_type;status;user_agent
43;"2017-01-01 00:01:19";192.168.102.136;""GET / HTTP/1.1"";200;""Mozilla/5.0 (Windows NT 6.1; WOW64) AppleWebKit/537.36 (KHTML, like Gecko) Chrome/59.0.3071.86 Safari/537.36""
211;"2017-01-01 00:03:26";192.168.102.136;""GET / HTTP/1.1"";200;""Mozilla/5.0 (Windows NT 6.1; WOW64) AppleWebKit/537.36 (KHTML, like Gecko) Chrome/59.0.3071.86 Safari/537.36""
451;"2017-01-01 00:06:30";192.168.102.136;""GET / HTTP/1.1"";200;""Mozilla/5.0 (Windows NT 6.1; WOW64) AppleWebKit/537.36 (KHTML, like Gecko) Chrome/59.0.3071.86 Safari/537.36""
551;"2017-01-01 00:07:46";192.168.102.136;""GET / HTTP/1.1"";200;""Mozilla/5.0 (Windows NT 6.1; WOW64) AppleWebKit/537.36 (KHTML, like Gecko) Chrome/59.0.3071.86 Safari/537.36""
659;"2017-01-01 00:08:59";192.168.102.136;""GET / HTTP/1.1"";200;""Mozilla/5.0 (Windows NT 6.1; WOW64) AppleWebKit/537.36 (KHTML, like Gecko) Chrome/59.0.3071.86 Safari/537.36""
722;"2017-01-01 00:10:06";192.168.102.136;""GET / HTTP/1.1"";200;""Mozilla/5.0 (Windows NT 6.1; WOW64) AppleWebKit/537.36 (KHTML, like Gecko) Chrome/59.0.3071.86 Safari/537.36""
837;"2017-01-01 00:11:43";192.168.102.136;""GET / HTTP/1.1"";200;""Mozilla/5.0 (Windows NT 6.1; WOW64) AppleWebKit/537.36 (KHTML, like Gecko) Chrome/59.0.3071.86 Safari/537.36""
934;"2017-01-01 00:12:54";192.168.102.136;""GET / HTTP/1.1"";200;""Mozilla/5.0 (Windows NT 6.1; WOW64) AppleWebKit/537.36 (KHTML, like Gecko) Chrome/59.0.3071.86 Safari/537.36""
1570;"2017-01-01 00:20:59";192.168.102.136;""GET / HTTP/1.1"";200;""Mozilla/5.0 (Windows NT 6.1; WOW64) AppleWebKit/537.36 (KHTML, like Gecko) Chrome/59.0.3071.86 Safari/537.36""
1724;"2017-01-01 00:22:51";192.168.102.136;""GET / HTTP/1.1"";200;""Mozilla/5.0 (Windows NT 6.1; WOW64) AppleWebKit/537.36 (KHTML, like Gecko) Chrome/59.0.3071.86 Safari/537.36""
1823;"2017-01-01 00:24:08";192.168.102.136;""GET / HTTP/1.1"";200;""Mozilla/5.0 (Windows NT 6.1; WOW64) AppleWebKit/537.36 (KHTML, like Gecko) Chrome/59.0.3071.86 Safari/537.36""
2008;"2017-01-01 00:26:51";192.168.102.136;""GET / HTTP/1.1"";200;""Mozilla/5.0 (Windows NT 6.1; WOW64) AppleWebKit/537.36 (KHTML, like Gecko) Chrome/59.0.3071.86 Safari/537.36""
2302;"2017-01-01 00:30:47";192.168.102.136;""GET / HTTP/1.1"";200;""Mozilla/5.0 (Windows NT 6.1; WOW64) AppleWebKit/537.36 (KHTML, like Gecko) Chrome/59.0.3071.86 Safari/537.36""
2699;"2017-01-01 00:36:12";192.168.102.136;""GET / HTTP/1.1"";200;""Mozilla/5.0 (Windows NT 6.1; WOW64) AppleWebKit/537.36 (KHTML, like Gecko) Chrome/59.0.3071.86 Safari/537.36""
2769;"2017-01-01 00:36:52";192.168.102.136;""GET / HTTP/1.1"";200;""Mozilla/5.0 (Windows NT 6.1; WOW64) AppleWebKit/537.36 (KHTML, like Gecko) Chrome/59.0.3071.86 Safari/537.36""
2993;"2017-01-01 00:39:47";192.168.102.136;""GET / HTTP/1.1"";200;""Mozilla/5.0 (Windows NT 6.1; WOW64) AppleWebKit/537.36 (KHTML, like Gecko) Chrome/59.0.3071.86 Safari/537.36""
3033;"2017-01-01 00:40:16";192.168.102.136;""GET / HTTP/1.1"";200;""Mozilla/5.0 (Windows NT 6.1; WOW64) AppleWebKit/537.36 (KHTML, like Gecko) Chrome/59.0.3071.86 Safari/537.36""
3266;"2017-01-01 00:43:22";192.168.102.136;""GET / HTTP/1.1"";200;""Mozilla/5.0 (Windows NT 6.1; WOW64) AppleWebKit/537.36 (KHTML, like Gecko) Chrome/59.0.3071.86 Safari/537.36""
3313;"2017-01-01 00:44:00";192.168.102.136;""GET / HTTP/1.1"";200;""Mozilla/5.0 (Windows NT 6.1; WOW64) AppleWebKit/537.36 (KHTML, like Gecko) Chrome/59.0.3071.86 Safari/537.36""
3635;"2017-01-01 00:48:33";192.168.102.136;""GET / HTTP/1.1"";200;""Mozilla/5.0 (Windows NT 6.1; WOW64) AppleWebKit/537.36 (KHTML, like Gecko) Chrome/59.0.3071.86 Safari/537.36""
3932;"2017-01-01 00:52:13";192.168.102.136;""GET / HTTP/1.1"";200;""Mozilla/5.0 (Windows NT 6.1; WOW64) AppleWebKit/537.36 (KHTML, like Gecko) Chrome/59.0.3071.86 Safari/537.36""
4074;"2017-01-01 00:53:48";192.168.102.136;""GET / HTTP/1.1"";200;""Mozilla/5.0 (Windows NT 6.1; WOW64) AppleWebKit/537.36 (KHTML, like Gecko) Chrome/59.0.3071.86 Safari/537.36""
4175;"2017-01-01 00:55:19";192.168.102.136;""GET / HTTP/1.1"";200;""Mozilla/5.0 (Windows NT 6.1; WOW64) AppleWebKit/537.36 (KHTML, like Gecko) Chrome/59.0.3071.86 Safari/537.36""
4470;"2017-01-01 00:59:23";192.168.102.136;""GET / HTTP/1.1"";200;""Mozilla/5.0 (Windows NT 6.1; WOW64) AppleWebKit/537.36 (KHTML, like Gecko) Chrome/59.0.3071.86 Safari/537.36""
4690;"2017-01-01 01:02:37";192.168.102.136;""GET / HTTP/1.1"";200;""Mozilla/5.0 (Windows NT 6.1; WOW64) AppleWebKit/537.36 (KHTML, like Gecko) Chrome/59.0.3071.86 Safari/537.36""
5154;"2017-01-01 01:09:35";192.168.102.136;""GET / HTTP/1.1"";200;""Mozilla/5.0 (Windows NT 6.1; WOW64) AppleWebKit/537.36 (KHTML, like Gecko) Chrome/59.0.3071.86 Safari/537.36""
5464;"2017-01-01 01:14:02";192.168.102.136;""GET / HTTP/1.1"";200;""Mozilla/5.0 (Windows NT 6.1; WOW64) AppleWebKit/537.36 (KHTML, like Gecko) Chrome/59.0.3071.86 Safari/537.36""
5495;"2017-01-01 01:14:31";192.168.102.136;""GET / HTTP/1.1"";200;""Mozilla/5.0 (Windows NT 6.1; WOW64) AppleWebKit/537.36 (KHTML, like Gecko) Chrome/59.0.3071.86 Safari/537.36""
5524;"2017-01-01 01:14:53";192.168.102.136;""GET / HTTP/1.1"";200;""Mozilla/5.0 (Windows NT 6.1; WOW64) AppleWebKit/537.36 (KHTML, like Gecko) Chrome/59.0.3071.86 Safari/537.36""
5819;"2017-01-01 01:19:06";192.168.102.136;""GET / HTTP/1.1"";200;""Mozilla/5.0 (Windows NT 6.1; WOW64) AppleWebKit/537.36 (KHTML, like Gecko) Chrome/59.0.3071.86 Safari/537.36""
6640;"2017-01-01 01:30:53";192.168.102.136;""GET / HTTP/1.1"";200;""Mozilla/5.0 (Windows NT 6.1; WOW64) AppleWebKit/537.36 (KHTML, like Gecko) Chrome/59.0.3071.86 Safari/537.36""
7050;"2017-01-01 01:36:27";192.168.102.136;""GET / HTTP/1.1"";200;""Mozilla/5.0 (Windows NT 6.1; WOW64) AppleWebKit/537.36 (KHTML, like Gecko) Chrome/59.0.3071.86 Safari/537.36""
7178;"2017-01-01 01:38:15";192.168.102.136;""GET / HTTP/1.1"";200;""Mozilla/5.0 (Windows NT 6.1; WOW64) AppleWebKit/537.36 (KHTML, like Gecko) Chrome/59.0.3071.86 Safari/537.36""
7355;"2017-01-01 01:40:53";192.168.102.136;""GET / HTTP/1.1"";200;""Mozilla/5.0 (Windows NT 6.1; WOW64) AppleWebKit/537.36 (KHTML, like Gecko) Chrome/59.0.3071.86 Safari/537.36""
7490;"2017-01-01 01:42:41";192.168.102.136;""GET / HTTP/1.1"";200;""Mozilla/5.0 (Windows NT 6.1; WOW64) AppleWebKit/537.36 (KHTML, like Gecko) Chrome/59.0.3071.86 Safari/537.36""
7495;"2017-01-01 01:42:42";192.168.102.136;""GET / HTTP/1.1"";200;""Mozilla/5.0 (Windows NT 6.1; WOW64) AppleWebKit/537.36 (KHTML, like Gecko) Chrome/59.0.3071.86 Safari/537.36""
7991;"2017-01-01 01:49:53";192.168.102.136;""GET / HTTP/1.1"";200;""Mozilla/5.0 (Windows NT 6.1; WOW64) AppleWebKit/537.36 (KHTML, like Gecko) Chrome/59.0.3071.86 Safari/537.36""
8138;"2017-01-01 01:51:56";192.168.102.136;""GET / HTTP/1.1"";200;""Mozilla/5.0 (Windows NT 6.1; WOW64) AppleWebKit/537.36 (KHTML, like Gecko) Chrome/59.0.3071.86 Safari/537.36""
8302;"2017-01-01 01:54:20";192.168.102.136;""GET / HTTP/1.1"";200;""Mozilla/5.0 (Windows NT 6.1; WOW64) AppleWebKit/537.36 (KHTML, like Gecko) Chrome/59.0.3071.86 Safari/537.36""
8611;"2017-01-01 01:59:02";192.168.102.136;""GET / HTTP/1.1"";200;""Mozilla/5.0 (Windows NT 6.1; WOW64) AppleWebKit/537.36 (KHTML, like Gecko) Chrome/59.0.3071.86 Safari/537.36""
8705;"2017-01-01 02:00:21";192.168.102.136;""GET / HTTP/1.1"";200;""Mozilla/5.0 (Windows NT 6.1; WOW64) AppleWebKit/537.36 (KHTML, like Gecko) Chrome/59.0.3071.86 Safari/537.36""
9278;"2017-01-01 02:08:06";192.168.102.136;""GET / HTTP/1.1"";200;""Mozilla/5.0 (Windows NT 6.1; WOW64) AppleWebKit/537.36 (KHTML, like Gecko) Chrome/59.0.3071.86 Safari/537.36""
9716;"2017-01-01 02:13:27";192.168.102.136;""GET / HTTP/1.1"";200;""Mozilla/5.0 (Windows NT 6.1; WOW64) AppleWebKit/537.36 (KHTML, like Gecko) Chrome/59.0.3071.86 Safari/537.36""
9813;"2017-01-01 02:14:47";192.168.102.136;""GET / HTTP/1.1"";200;""Mozilla/5.0 (Windows NT 6.1; WOW64) AppleWebKit/537.36 (KHTML, like Gecko) Chrome/59.0.3071.86 Safari/537.36""
10070;"2017-01-01 02:18:12";192.168.102.136;""GET / HTTP/1.1"";200;""Mozilla/5.0 (Windows NT 6.1; WOW64) AppleWebKit/537.36 (KHTML, like Gecko) Chrome/59.0.3071.86 Safari/537.36""
10387;"2017-01-01 02:22:35";192.168.102.136;""GET / HTTP/1.1"";200;""Mozilla/5.0 (Windows NT 6.1; WOW64) AppleWebKit/537.36 (KHTML, like Gecko) Chrome/59.0.3071.86 Safari/537.36""
10562;"2017-01-01 02:24:49";192.168.102.136;""GET / HTTP/1.1"";200;""Mozilla/5.0 (Windows NT 6.1; WOW64) AppleWebKit/537.36 (KHTML, like Gecko) Chrome/59.0.3071.86 Safari/537.36""
10899;"2017-01-01 02:29:32";192.168.102.136;""GET / HTTP/1.1"";200;""Mozilla/5.0 (Windows NT 6.1; WOW64) AppleWebKit/537.36 (KHTML, like Gecko) Chrome/59.0.3071.86 Safari/537.36""
11007;"2017-01-01 02:31:05";192.168.102.136;""GET / HTTP/1.1"";200;""Mozilla/5.0 (Windows NT 6.1; WOW64) AppleWebKit/537.36 (KHTML, like Gecko) Chrome/59.0.3071.86 Safari/537.36""
11032;"2017-01-01 02:31:22";192.168.102.136;""GET / HTTP/1.1"";200;""Mozilla/5.0 (Windows NT 6.1; WOW64) AppleWebKit/537.36 (KHTML, like Gecko) Chrome/59.0.3071.86 Safari/537.36""
11072;"2017-01-01 02:31:48";192.168.102.136;""GET / HTTP/1.1"";200;""Mozilla/5.0 (Windows NT 6.1; WOW64) AppleWebKit/537.36 (KHTML, like Gecko) Chrome/59.0.3071.86 Safari/537.36""
11202;"2017-01-01 02:33:36";192.168.102.136;""GET / HTTP/1.1"";200;""Mozilla/5.0 (Windows NT 6.1; WOW64) AppleWebKit/537.36 (KHTML, like Gecko) Chrome/59.0.3071.86 Safari/537.36""
11477;"2017-01-01 02:37:19";192.168.102.136;""GET / HTTP/1.1"";200;""Mozilla/5.0 (Windows NT 6.1; WOW64) AppleWebKit/537.36 (KHTML, like Gecko) Chrome/59.0.3071.86 Safari/537.36""
11546;"2017-01-01 02:38:22";192.168.102.136;""GET / HTTP/1.1"";200;""Mozilla/5.0 (Windows NT 6.1; WOW64) AppleWebKit/537.36 (KHTML, like Gecko) Chrome/59.0.3071.86 Safari/537.36""
12210;"2017-01-01 02:47:43";192.168.102.136;""GET / HTTP/1.1"";200;""Mozilla/5.0 (Windows NT 6.1; WOW64) AppleWebKit/537.36 (KHTML, like Gecko) Chrome/59.0.3071.86 Safari/537.36""
12274;"2017-01-01 02:48:25";192.168.102.136;""GET / HTTP/1.1"";200;""Mozilla/5.0 (Windows NT 6.1; WOW64) AppleWebKit/537.36 (KHTML, like Gecko) Chrome/59.0.3071.86 Safari/537.36""
12354;"2017-01-01 02:49:37";192.168.102.136;""GET / HTTP/1.1"";200;""Mozilla/5.0 (Windows NT 6.1; WOW64) AppleWebKit/537.36 (KHTML, like Gecko) Chrome/59.0.3071.86 Safari/537.36""
12847;"2017-01-01 02:56:52";192.168.102.136;""GET / HTTP/1.1"";200;""Mozilla/5.0 (Windows NT 6.1; WOW64) AppleWebKit/537.36 (KHTML, like Gecko) Chrome/59.0.3071.86 Safari/537.36""
13044;"2017-01-01 02:59:42";192.168.102.136;""GET / HTTP/1.1"";200;""Mozilla/5.0 (Windows NT 6.1; WOW64) AppleWebKit/537.36 (KHTML, like Gecko) Chrome/59.0.3071.86 Safari/537.36""
13633;"2017-01-01 03:08:15";192.168.102.136;""GET / HTTP/1.1"";200;""Mozilla/5.0 (Windows NT 6.1; WOW64) AppleWebKit/537.36 (KHTML, like Gecko) Chrome/59.0.3071.86 Safari/537.36""
13659;"2017-01-01 03:08:40";192.168.102.136;""GET / HTTP/1.1"";200;""Mozilla/5.0 (Windows NT 6.1; WOW64) AppleWebKit/537.36 (KHTML, like Gecko) Chrome/59.0.3071.86 Safari/537.36""
13737;"2017-01-01 03:09:35";192.168.102.136;""GET / HTTP/1.1"";200;""Mozilla/5.0 (Windows NT 6.1; WOW64) AppleWebKit/537.36 (KHTML, like Gecko) Chrome/59.0.3071.86 Safari/537.36""
13744;"2017-01-01 03:09:40";192.168.102.136;""GET / HTTP/1.1"";200;""Mozilla/5.0 (Windows NT 6.1; WOW64) AppleWebKit/537.36 (KHTML, like Gecko) Chrome/59.0.3071.86 Safari/537.36""
13855;"2017-01-01 03:10:59";192.168.102.136;""GET / HTTP/1.1"";200;""Mozilla/5.0 (Windows NT 6.1; WOW64) AppleWebKit/537.36 (KHTML, like Gecko) Chrome/59.0.3071.86 Safari/537.36""
13860;"2017-01-01 03:11:03";192.168.102.136;""GET / HTTP/1.1"";200;""Mozilla/5.0 (Windows NT 6.1; WOW64) AppleWebKit/537.36 (KHTML, like Gecko) Chrome/59.0.3071.86 Safari/537.36""
13943;"2017-01-01 03:12:16";192.168.102.136;""GET / HTTP/1.1"";200;""Mozilla/5.0 (Windows NT 6.1; WOW64) AppleWebKit/537.36 (KHTML, like Gecko) Chrome/59.0.3071.86 Safari/537.36""
14116;"2017-01-01 03:14:40";192.168.102.136;""GET / HTTP/1.1"";200;""Mozilla/5.0 (Windows NT 6.1; WOW64) AppleWebKit/537.36 (KHTML, like Gecko) Chrome/59.0.3071.86 Safari/537.36""
14272;"2017-01-01 03:16:56";192.168.102.136;""GET / HTTP/1.1"";200;""Mozilla/5.0 (Windows NT 6.1; WOW64) AppleWebKit/537.36 (KHTML, like Gecko) Chrome/59.0.3071.86 Safari/537.36""
14782;"2017-01-01 03:24:17";192.168.102.136;""GET / HTTP/1.1"";200;""Mozilla/5.0 (Windows NT 6.1; WOW64) AppleWebKit/537.36 (KHTML, like Gecko) Chrome/59.0.3071.86 Safari/537.36""
14900;"2017-01-01 03:25:50";192.168.102.136;""GET / HTTP/1.1"";200;""Mozilla/5.0 (Windows NT 6.1; WOW64) AppleWebKit/537.36 (KHTML, like Gecko) Chrome/59.0.3071.86 Safari/537.36""
14930;"2017-01-01 03:26:22";192.168.102.136;""GET / HTTP/1.1"";200;""Mozilla/5.0 (Windows NT 6.1; WOW64) AppleWebKit/537.36 (KHTML, like Gecko) Chrome/59.0.3071.86 Safari/537.36""
14958;"2017-01-01 03:26:42";192.168.102.136;""GET / HTTP/1.1"";200;""Mozilla/5.0 (Windows NT 6.1; WOW64) AppleWebKit/537.36 (KHTML, like Gecko) Chrome/59.0.3071.86 Safari/537.36""
15400;"2017-01-01 03:33:13";192.168.102.136;""GET / HTTP/1.1"";200;""Mozilla/5.0 (Windows NT 6.1; WOW64) AppleWebKit/537.36 (KHTML, like Gecko) Chrome/59.0.3071.86 Safari/537.36""
15945;"2017-01-01 03:40:46";192.168.102.136;""GET / HTTP/1.1"";200;""Mozilla/5.0 (Windows NT 6.1; WOW64) AppleWebKit/537.36 (KHTML, like Gecko) Chrome/59.0.3071.86 Safari/537.36""
16000;"2017-01-01 03:41:38";192.168.102.136;""GET / HTTP/1.1"";200;""Mozilla/5.0 (Windows NT 6.1; WOW64) AppleWebKit/537.36 (KHTML, like Gecko) Chrome/59.0.3071.86 Safari/537.36""
16691;"2017-01-01 03:51:19";192.168.102.136;""GET / HTTP/1.1"";200;""Mozilla/5.0 (Windows NT 6.1; WOW64) AppleWebKit/537.36 (KHTML, like Gecko) Chrome/59.0.3071.86 Safari/537.36""
17436;"2017-01-01 04:01:37";192.168.102.136;""GET / HTTP/1.1"";200;""Mozilla/5.0 (Windows NT 6.1; WOW64) AppleWebKit/537.36 (KHTML, like Gecko) Chrome/59.0.3071.86 Safari/537.36""
17929;"2017-01-01 04:06:25";192.168.102.136;""GET / HTTP/1.1"";200;""Mozilla/5.0 (Windows NT 6.1; WOW64) AppleWebKit/537.36 (KHTML, like Gecko) Chrome/59.0.3071.86 Safari/537.36""
17944;"2017-01-01 04:06:35";192.168.102.136;""GET / HTTP/1.1"";200;""Mozilla/5.0 (Windows NT 6.1; WOW64) AppleWebKit/537.36 (KHTML, like Gecko) Chrome/59.0.3071.86 Safari/537.36""
17958;"2017-01-01 04:06:45";192.168.102.136;""GET / HTTP/1.1"";200;""Mozilla/5.0 (Windows NT 6.1; WOW64) AppleWebKit/537.36 (KHTML, like Gecko) Chrome/59.0.3071.86 Safari/537.36""
18914;"2017-01-01 04:16:43";192.168.102.136;""GET / HTTP/1.1"";200;""Mozilla/5.0 (Windows NT 6.1; WOW64) AppleWebKit/537.36 (KHTML, like Gecko) Chrome/59.0.3071.86 Safari/537.36""
19066;"2017-01-01 04:18:26";192.168.102.136;""GET / HTTP/1.1"";200;""Mozilla/5.0 (Windows NT 6.1; WOW64) AppleWebKit/537.36 (KHTML, like Gecko) Chrome/59.0.3071.86 Safari/537.36""
19359;"2017-01-01 04:21:22";192.168.102.136;""GET / HTTP/1.1"";200;""Mozilla/5.0 (Windows NT 6.1; WOW64) AppleWebKit/537.36 (KHTML, like Gecko) Chrome/59.0.3071.86 Safari/537.36""
19555;"2017-01-01 04:23:26";192.168.102.136;""GET / HTTP/1.1"";200;""Mozilla/5.0 (Windows NT 6.1; WOW64) AppleWebKit/537.36 (KHTML, like Gecko) Chrome/59.0.3071.86 Safari/537.36""
19773;"2017-01-01 04:25:51";192.168.102.136;""GET / HTTP/1.1"";200;""Mozilla/5.0 (Windows NT 6.1; WOW64) AppleWebKit/537.36 (KHTML, like Gecko) Chrome/59.0.3071.86 Safari/537.36""
20568;"2017-01-01 04:34:26";192.168.102.136;""GET / HTTP/1.1"";200;""Mozilla/5.0 (Windows NT 6.1; WOW64) AppleWebKit/537.36 (KHTML, like Gecko) Chrome/59.0.3071.86 Safari/537.36""
20756;"2017-01-01 04:36:15";192.168.102.136;""GET / HTTP/1.1"";200;""Mozilla/5.0 (Windows NT 6.1; WOW64) AppleWebKit/537.36 (KHTML, like Gecko) Chrome/59.0.3071.86 Safari/537.36""
20780;"2017-01-01 04:36:33";192.168.102.136;""GET / HTTP/1.1"";200;""Mozilla/5.0 (Windows NT 6.1; WOW64) AppleWebKit/537.36 (KHTML, like Gecko) Chrome/59.0.3071.86 Safari/537.36""
21291;"2017-01-01 04:41:57";192.168.102.136;""GET / HTTP/1.1"";200;""Mozilla/5.0 (Windows NT 6.1; WOW64) AppleWebKit/537.36 (KHTML, like Gecko) Chrome/59.0.3071.86 Safari/537.36""
21563;"2017-01-01 04:44:44";192.168.102.136;""GET / HTTP/1.1"";200;""Mozilla/5.0 (Windows NT 6.1; WOW64) AppleWebKit/537.36 (KHTML, like Gecko) Chrome/59.0.3071.86 Safari/537.36""
21640;"2017-01-01 04:45:36";192.168.102.136;""GET / HTTP/1.1"";200;""Mozilla/5.0 (Windows NT 6.1; WOW64) AppleWebKit/537.36 (KHTML, like Gecko) Chrome/59.0.3071.86 Safari/537.36""
21778;"2017-01-01 04:47:05";192.168.102.136;""GET / HTTP/1.1"";200;""Mozilla/5.0 (Windows NT 6.1; WOW64) AppleWebKit/537.36 (KHTML, like Gecko) Chrome/59.0.3071.86 Safari/537.36""
21836;"2017-01-01 04:47:35";192.168.102.136;""GET / HTTP/1.1"";200;""Mozilla/5.0 (Windows NT 6.1; WOW64) AppleWebKit/537.36 (KHTML, like Gecko) Chrome/59.0.3071.86 Safari/537.36""
21903;"2017-01-01 04:48:17";192.168.102.136;""GET / HTTP/1.1"";200;""Mozilla/5.0 (Windows NT 6.1; WOW64) AppleWebKit/537.36 (KHTML, like Gecko) Chrome/59.0.3071.86 Safari/537.36""
22087;"2017-01-01 04:50:12";192.168.102.136;""GET / HTTP/1.1"";200;""Mozilla/5.0 (Windows NT 6.1; WOW64) AppleWebKit/537.36 (KHTML, like Gecko) Chrome/59.0.3071.86 Safari/537.36""
22122;"2017-01-01 04:50:32";192.168.102.136;""GET / HTTP/1.1"";200;""Mozilla/5.0 (Windows NT 6.1; WOW64) AppleWebKit/537.36 (KHTML, like Gecko) Chrome/59.0.3071.86 Safari/537.36""
22177;"2017-01-01 04:51:10";192.168.102.136;""GET / HTTP/1.1"";200;""Mozilla/5.0 (Windows NT 6.1; WOW64) AppleWebKit/537.36 (KHTML, like Gecko) Chrome/59.0.3071.86 Safari/537.36""
22779;"2017-01-01 04:57:14";192.168.102.136;""GET / HTTP/1.1"";200;""Mozilla/5.0 (Windows NT 6.1; WOW64) AppleWebKit/537.36 (KHTML, like Gecko) Chrome/59.0.3071.86 Safari/537.36""
23053;"2017-01-01 04:59:50";192.168.102.136;""GET / HTTP/1.1"";200;""Mozilla/5.0 (Windows NT 6.1; WOW64) AppleWebKit/537.36 (KHTML, like Gecko) Chrome/59.0.3071.86 Safari/537.36""
23065;"2017-01-01 04:59:57";192.168.102.136;""GET / HTTP/1.1"";200;""Mozilla/5.0 (Windows NT 6.1; WOW64) AppleWebKit/537.36 (KHTML, like Gecko) Chrome/59.0.3071.86 Safari/537.36""
23123;"2017-01-01 05:00:43";192.168.102.136;""GET / HTTP/1.1"";200;""Mozilla/5.0 (Windows NT 6.1; WOW64) AppleWebKit/537.36 (KHTML, like Gecko) Chrome/59.0.3071.86 Safari/537.36""
23850;"2017-01-01 05:10:24";192.168.102.136;""GET / HTTP/1.1"";200;""Mozilla/5.0 (Windows NT 6.1; WOW64) AppleWebKit/537.36 (KHTML, like Gecko) Chrome/59.0.3071.86 Safari/537.36""
23862;"2017-01-01 05:10:29";192.168.102.136;""GET / HTTP/1.1"";200;""Mozilla/5.0 (Windows NT 6.1; WOW64) AppleWebKit/537.36 (KHTML, like Gecko) Chrome/59.0.3071.86 Safari/537.36""
24210;"2017-01-01 05:14:37";192.168.102.136;""GET / HTTP/1.1"";200;""Mozilla/5.0 (Windows NT 6.1; WOW64) AppleWebKit/537.36 (KHTML, like Gecko) Chrome/59.0.3071.86 Safari/537.36""
24493;"2017-01-01 05:18:16";192.168.102.136;""GET / HTTP/1.1"";200;""Mozilla/5.0 (Windows NT 6.1; WOW64) AppleWebKit/537.36 (KHTML, like Gecko) Chrome/59.0.3071.86 Safari/537.36""
24505;"2017-01-01 05:18:29";192.168.102.136;""GET / HTTP/1.1"";200;""Mozilla/5.0 (Windows NT 6.1; WOW64) AppleWebKit/537.36 (KHTML, like Gecko) Chrome/59.0.3071.86 Safari/537.36""
24604;"2017-01-01 05:19:53";192.168.102.136;""GET / HTTP/1.1"";200;""Mozilla/5.0 (Windows NT 6.1; WOW64) AppleWebKit/537.36 (KHTML, like Gecko) Chrome/59.0.3071.86 Safari/537.36""
24726;"2017-01-01 05:21:27";192.168.102.136;""GET / HTTP/1.1"";200;""Mozilla/5.0 (Windows NT 6.1; WOW64) AppleWebKit/537.36 (KHTML, like Gecko) Chrome/59.0.3071.86 Safari/537.36""
24939;"2017-01-01 05:24:16";192.168.102.136;""GET / HTTP/1.1"";200;""Mozilla/5.0 (Windows NT 6.1; WOW64) AppleWebKit/537.36 (KHTML, like Gecko) Chrome/59.0.3071.86 Safari/537.36""
24970;"2017-01-01 05:24:37";192.168.102.136;""GET / HTTP/1.1"";200;""Mozilla/5.0 (Windows NT 6.1; WOW64) AppleWebKit/537.36 (KHTML, like Gecko) Chrome/59.0.3071.86 Safari/537.36""
25230;"2017-01-01 05:27:57";192.168.102.136;""GET / HTTP/1.1"";200;""Mozilla/5.0 (Windows NT 6.1; WOW64) AppleWebKit/537.36 (KHTML, like Gecko) Chrome/59.0.3071.86 Safari/537.36""
25469;"2017-01-01 05:31:01";192.168.102.136;""GET / HTTP/1.1"";200;""Mozilla/5.0 (Windows NT 6.1; WOW64) AppleWebKit/537.36 (KHTML, like Gecko) Chrome/59.0.3071.86 Safari/537.36""
25497;"2017-01-01 05:31:16";192.168.102.136;""GET / HTTP/1.1"";200;""Mozilla/5.0 (Windows NT 6.1; WOW64) AppleWebKit/537.36 (KHTML, like Gecko) Chrome/59.0.3071.86 Safari/537.36""
25608;"2017-01-01 05:32:43";192.168.102.136;""GET / HTTP/1.1"";200;""Mozilla/5.0 (Windows NT 6.1; WOW64) AppleWebKit/537.36 (KHTML, like Gecko) Chrome/59.0.3071.86 Safari/537.36""
25810;"2017-01-01 05:35:41";192.168.102.136;""GET / HTTP/1.1"";200;""Mozilla/5.0 (Windows NT 6.1; WOW64) AppleWebKit/537.36 (KHTML, like Gecko) Chrome/59.0.3071.86 Safari/537.36""
25940;"2017-01-01 05:37:11";192.168.102.136;""GET / HTTP/1.1"";200;""Mozilla/5.0 (Windows NT 6.1; WOW64) AppleWebKit/537.36 (KHTML, like Gecko) Chrome/59.0.3071.86 Safari/537.36""
26023;"2017-01-01 05:38:08";192.168.102.136;""GET / HTTP/1.1"";200;""Mozilla/5.0 (Windows NT 6.1; WOW64) AppleWebKit/537.36 (KHTML, like Gecko) Chrome/59.0.3071.86 Safari/537.36""
26173;"2017-01-01 05:39:59";192.168.102.136;""GET / HTTP/1.1"";200;""Mozilla/5.0 (Windows NT 6.1; WOW64) AppleWebKit/537.36 (KHTML, like Gecko) Chrome/59.0.3071.86 Safari/537.36""
26219;"2017-01-01 05:40:35";192.168.102.136;""GET / HTTP/1.1"";200;""Mozilla/5.0 (Windows NT 6.1; WOW64) AppleWebKit/537.36 (KHTML, like Gecko) Chrome/59.0.3071.86 Safari/537.36""
26414;"2017-01-01 05:43:02";192.168.102.136;""GET / HTTP/1.1"";200;""Mozilla/5.0 (Windows NT 6.1; WOW64) AppleWebKit/537.36 (KHTML, like Gecko) Chrome/59.0.3071.86 Safari/537.36""
26504;"2017-01-01 05:44:06";192.168.102.136;""GET / HTTP/1.1"";200;""Mozilla/5.0 (Windows NT 6.1; WOW64) AppleWebKit/537.36 (KHTML, like Gecko) Chrome/59.0.3071.86 Safari/537.36""
26563;"2017-01-01 05:44:44";192.168.102.136;""GET / HTTP/1.1"";200;""Mozilla/5.0 (Windows NT 6.1; WOW64) AppleWebKit/537.36 (KHTML, like Gecko) Chrome/59.0.3071.86 Safari/537.36""
26659;"2017-01-01 05:46:00";192.168.102.136;""GET / HTTP/1.1"";200;""Mozilla/5.0 (Windows NT 6.1; WOW64) AppleWebKit/537.36 (KHTML, like Gecko) Chrome/59.0.3071.86 Safari/537.36""
26679;"2017-01-01 05:46:15";192.168.102.136;""GET / HTTP/1.1"";200;""Mozilla/5.0 (Windows NT 6.1; WOW64) AppleWebKit/537.36 (KHTML, like Gecko) Chrome/59.0.3071.86 Safari/537.36""
26936;"2017-01-01 05:49:35";192.168.102.136;""GET / HTTP/1.1"";200;""Mozilla/5.0 (Windows NT 6.1; WOW64) AppleWebKit/537.36 (KHTML, like Gecko) Chrome/59.0.3071.86 Safari/537.36""
27113;"2017-01-01 05:51:41";192.168.102.136;""GET / HTTP/1.1"";200;""Mozilla/5.0 (Windows NT 6.1; WOW64) AppleWebKit/537.36 (KHTML, like Gecko) Chrome/59.0.3071.86 Safari/537.36""
27291;"2017-01-01 05:53:53";192.168.102.136;""GET / HTTP/1.1"";200;""Mozilla/5.0 (Windows NT 6.1; WOW64) AppleWebKit/537.36 (KHTML, like Gecko) Chrome/59.0.3071.86 Safari/537.36""
27499;"2017-01-01 05:56:39";192.168.102.136;""GET / HTTP/1.1"";200;""Mozilla/5.0 (Windows NT 6.1; WOW64) AppleWebKit/537.36 (KHTML, like Gecko) Chrome/59.0.3071.86 Safari/537.36""
27540;"2017-01-01 05:57:11";192.168.102.136;""GET / HTTP/1.1"";200;""Mozilla/5.0 (Windows NT 6.1; WOW64) AppleWebKit/537.36 (KHTML, like Gecko) Chrome/59.0.3071.86 Safari/537.36""
27653;"2017-01-01 05:58:42";192.168.102.136;""GET / HTTP/1.1"";200;""Mozilla/5.0 (Windows NT 6.1; WOW64) AppleWebKit/537.36 (KHTML, like Gecko) Chrome/59.0.3071.86 Safari/537.36""
28455;"2017-01-01 06:07:31";192.168.102.136;""GET / HTTP/1.1"";200;""Mozilla/5.0 (Windows NT 6.1; WOW64) AppleWebKit/537.36 (KHTML, like Gecko) Chrome/59.0.3071.86 Safari/537.36""
28671;"2017-01-01 06:09:33";192.168.102.136;""GET / HTTP/1.1"";200;""Mozilla/5.0 (Windows NT 6.1; WOW64) AppleWebKit/537.36 (KHTML, like Gecko) Chrome/59.0.3071.86 Safari/537.36""
29078;"2017-01-01 06:13:52";192.168.102.136;""GET / HTTP/1.1"";200;""Mozilla/5.0 (Windows NT 6.1; WOW64) AppleWebKit/537.36 (KHTML, like Gecko) Chrome/59.0.3071.86 Safari/537.36""
29085;"2017-01-01 06:13:56";192.168.102.136;""GET / HTTP/1.1"";200;""Mozilla/5.0 (Windows NT 6.1; WOW64) AppleWebKit/537.36 (KHTML, like Gecko) Chrome/59.0.3071.86 Safari/537.36""
29246;"2017-01-01 06:15:40";192.168.102.136;""GET / HTTP/1.1"";200;""Mozilla/5.0 (Windows NT 6.1; WOW64) AppleWebKit/537.36 (KHTML, like Gecko) Chrome/59.0.3071.86 Safari/537.36""
29437;"2017-01-01 06:17:43";192.168.102.136;""GET / HTTP/1.1"";200;""Mozilla/5.0 (Windows NT 6.1; WOW64) AppleWebKit/537.36 (KHTML, like Gecko) Chrome/59.0.3071.86 Safari/537.36""
29457;"2017-01-01 06:18:03";192.168.102.136;""GET / HTTP/1.1"";200;""Mozilla/5.0 (Windows NT 6.1; WOW64) AppleWebKit/537.36 (KHTML, like Gecko) Chrome/59.0.3071.86 Safari/537.36""
29657;"2017-01-01 06:20:01";192.168.102.136;""GET / HTTP/1.1"";200;""Mozilla/5.0 (Windows NT 6.1; WOW64) AppleWebKit/537.36 (KHTML, like Gecko) Chrome/59.0.3071.86 Safari/537.36""
29672;"2017-01-01 06:20:08";192.168.102.136;""GET / HTTP/1.1"";200;""Mozilla/5.0 (Windows NT 6.1; WOW64) AppleWebKit/537.36 (KHTML, like Gecko) Chrome/59.0.3071.86 Safari/537.36""
29747;"2017-01-01 06:20:57";192.168.102.136;""GET / HTTP/1.1"";200;""Mozilla/5.0 (Windows NT 6.1; WOW64) AppleWebKit/537.36 (KHTML, like Gecko) Chrome/59.0.3071.86 Safari/537.36""
29794;"2017-01-01 06:21:28";192.168.102.136;""GET / HTTP/1.1"";200;""Mozilla/5.0 (Windows NT 6.1; WOW64) AppleWebKit/537.36 (KHTML, like Gecko) Chrome/59.0.3071.86 Safari/537.36""
29816;"2017-01-01 06:21:38";192.168.102.136;""GET / HTTP/1.1"";200;""Mozilla/5.0 (Windows NT 6.1; WOW64) AppleWebKit/537.36 (KHTML, like Gecko) Chrome/59.0.3071.86 Safari/537.36""
29975;"2017-01-01 06:23:18";192.168.102.136;""GET / HTTP/1.1"";200;""Mozilla/5.0 (Windows NT 6.1; WOW64) AppleWebKit/537.36 (KHTML, like Gecko) Chrome/59.0.3071.86 Safari/537.36""
30091;"2017-01-01 06:24:29";192.168.102.136;""GET / HTTP/1.1"";200;""Mozilla/5.0 (Windows NT 6.1; WOW64) AppleWebKit/537.36 (KHTML, like Gecko) Chrome/59.0.3071.86 Safari/537.36""
30328;"2017-01-01 06:26:57";192.168.102.136;""GET / HTTP/1.1"";200;""Mozilla/5.0 (Windows NT 6.1; WOW64) AppleWebKit/537.36 (KHTML, like Gecko) Chrome/59.0.3071.86 Safari/537.36""
30332;"2017-01-01 06:26:59";192.168.102.136;""GET / HTTP/1.1"";200;""Mozilla/5.0 (Windows NT 6.1; WOW64) AppleWebKit/537.36 (KHTML, like Gecko) Chrome/59.0.3071.86 Safari/537.36""
31008;"2017-01-01 06:34:01";192.168.102.136;""GET / HTTP/1.1"";200;""Mozilla/5.0 (Windows NT 6.1; WOW64) AppleWebKit/537.36 (KHTML, like Gecko) Chrome/59.0.3071.86 Safari/537.36""
31019;"2017-01-01 06:34:07";192.168.102.136;""GET / HTTP/1.1"";200;""Mozilla/5.0 (Windows NT 6.1; WOW64) AppleWebKit/537.36 (KHTML, like Gecko) Chrome/59.0.3071.86 Safari/537.36""
31332;"2017-01-01 06:37:15";192.168.102.136;""GET / HTTP/1.1"";200;""Mozilla/5.0 (Windows NT 6.1; WOW64) AppleWebKit/537.36 (KHTML, like Gecko) Chrome/59.0.3071.86 Safari/537.36""
31381;"2017-01-01 06:37:43";192.168.102.136;""GET / HTTP/1.1"";200;""Mozilla/5.0 (Windows NT 6.1; WOW64) AppleWebKit/537.36 (KHTML, like Gecko) Chrome/59.0.3071.86 Safari/537.36""
31423;"2017-01-01 06:38:11";192.168.102.136;""GET / HTTP/1.1"";200;""Mozilla/5.0 (Windows NT 6.1; WOW64) AppleWebKit/537.36 (KHTML, like Gecko) Chrome/59.0.3071.86 Safari/537.36""
31457;"2017-01-01 06:38:31";192.168.102.136;""GET / HTTP/1.1"";200;""Mozilla/5.0 (Windows NT 6.1; WOW64) AppleWebKit/537.36 (KHTML, like Gecko) Chrome/59.0.3071.86 Safari/537.36""
31762;"2017-01-01 06:41:43";192.168.102.136;""GET / HTTP/1.1"";200;""Mozilla/5.0 (Windows NT 6.1; WOW64) AppleWebKit/537.36 (KHTML, like Gecko) Chrome/59.0.3071.86 Safari/537.36""
31813;"2017-01-01 06:42:12";192.168.102.136;""GET / HTTP/1.1"";200;""Mozilla/5.0 (Windows NT 6.1; WOW64) AppleWebKit/537.36 (KHTML, like Gecko) Chrome/59.0.3071.86 Safari/537.36""
32632;"2017-01-01 06:50:25";192.168.102.136;""GET / HTTP/1.1"";200;""Mozilla/5.0 (Windows NT 6.1; WOW64) AppleWebKit/537.36 (KHTML, like Gecko) Chrome/59.0.3071.86 Safari/537.36""
32828;"2017-01-01 06:52:24";192.168.102.136;""GET / HTTP/1.1"";200;""Mozilla/5.0 (Windows NT 6.1; WOW64) AppleWebKit/537.36 (KHTML, like Gecko) Chrome/59.0.3071.86 Safari/537.36""
33065;"2017-01-01 06:54:59";192.168.102.136;""GET / HTTP/1.1"";200;""Mozilla/5.0 (Windows NT 6.1; WOW64) AppleWebKit/537.36 (KHTML, like Gecko) Chrome/59.0.3071.86 Safari/537.36""
33154;"2017-01-01 06:55:59";192.168.102.136;""GET / HTTP/1.1"";200;""Mozilla/5.0 (Windows NT 6.1; WOW64) AppleWebKit/537.36 (KHTML, like Gecko) Chrome/59.0.3071.86 Safari/537.36""
33603;"2017-01-01 07:00:50";192.168.102.136;""GET / HTTP/1.1"";200;""Mozilla/5.0 (Windows NT 6.1; WOW64) AppleWebKit/537.36 (KHTML, like Gecko) Chrome/59.0.3071.86 Safari/537.36""
34162;"2017-01-01 07:07:47";192.168.102.136;""GET / HTTP/1.1"";200;""Mozilla/5.0 (Windows NT 6.1; WOW64) AppleWebKit/537.36 (KHTML, like Gecko) Chrome/59.0.3071.86 Safari/537.36""
35156;"2017-01-01 07:19:42";192.168.102.136;""GET / HTTP/1.1"";200;""Mozilla/5.0 (Windows NT 6.1; WOW64) AppleWebKit/537.36 (KHTML, like Gecko) Chrome/59.0.3071.86 Safari/537.36""
35313;"2017-01-01 07:21:53";192.168.102.136;""GET / HTTP/1.1"";200;""Mozilla/5.0 (Windows NT 6.1; WOW64) AppleWebKit/537.36 (KHTML, like Gecko) Chrome/59.0.3071.86 Safari/537.36""
35407;"2017-01-01 07:22:49";192.168.102.136;""GET / HTTP/1.1"";200;""Mozilla/5.0 (Windows NT 6.1; WOW64) AppleWebKit/537.36 (KHTML, like Gecko) Chrome/59.0.3071.86 Safari/537.36""
35642;"2017-01-01 07:25:32";192.168.102.136;""GET / HTTP/1.1"";200;""Mozilla/5.0 (Windows NT 6.1; WOW64) AppleWebKit/537.36 (KHTML, like Gecko) Chrome/59.0.3071.86 Safari/537.36""
35674;"2017-01-01 07:25:51";192.168.102.136;""GET / HTTP/1.1"";200;""Mozilla/5.0 (Windows NT 6.1; WOW64) AppleWebKit/537.36 (KHTML, like Gecko) Chrome/59.0.3071.86 Safari/537.36""
35951;"2017-01-01 07:29:18";192.168.102.136;""GET / HTTP/1.1"";200;""Mozilla/5.0 (Windows NT 6.1; WOW64) AppleWebKit/537.36 (KHTML, like Gecko) Chrome/59.0.3071.86 Safari/537.36""
36378;"2017-01-01 07:34:29";192.168.102.136;""GET / HTTP/1.1"";200;""Mozilla/5.0 (Windows NT 6.1; WOW64) AppleWebKit/537.36 (KHTML, like Gecko) Chrome/59.0.3071.86 Safari/537.36""
36506;"2017-01-01 07:36:02";192.168.102.136;""GET / HTTP/1.1"";200;""Mozilla/5.0 (Windows NT 6.1; WOW64) AppleWebKit/537.36 (KHTML, like Gecko) Chrome/59.0.3071.86 Safari/537.36""
36680;"2017-01-01 07:38:37";192.168.102.136;""GET / HTTP/1.1"";200;""Mozilla/5.0 (Windows NT 6.1; WOW64) AppleWebKit/537.36 (KHTML, like Gecko) Chrome/59.0.3071.86 Safari/537.36""
37089;"2017-01-01 07:43:34";192.168.102.136;""GET / HTTP/1.1"";200;""Mozilla/5.0 (Windows NT 6.1; WOW64) AppleWebKit/537.36 (KHTML, like Gecko) Chrome/59.0.3071.86 Safari/537.36""
37233;"2017-01-01 07:45:10";192.168.102.136;""GET / HTTP/1.1"";200;""Mozilla/5.0 (Windows NT 6.1; WOW64) AppleWebKit/537.36 (KHTML, like Gecko) Chrome/59.0.3071.86 Safari/537.36""
37451;"2017-01-01 07:47:39";192.168.102.136;""GET / HTTP/1.1"";200;""Mozilla/5.0 (Windows NT 6.1; WOW64) AppleWebKit/537.36 (KHTML, like Gecko) Chrome/59.0.3071.86 Safari/537.36""
37798;"2017-01-01 07:52:06";192.168.102.136;""GET / HTTP/1.1"";200;""Mozilla/5.0 (Windows NT 6.1; WOW64) AppleWebKit/537.36 (KHTML, like Gecko) Chrome/59.0.3071.86 Safari/537.36""
38071;"2017-01-01 07:55:23";192.168.102.136;""GET / HTTP/1.1"";200;""Mozilla/5.0 (Windows NT 6.1; WOW64) AppleWebKit/537.36 (KHTML, like Gecko) Chrome/59.0.3071.86 Safari/537.36""
38369;"2017-01-01 07:59:05";192.168.102.136;""GET / HTTP/1.1"";200;""Mozilla/5.0 (Windows NT 6.1; WOW64) AppleWebKit/537.36 (KHTML, like Gecko) Chrome/59.0.3071.86 Safari/537.36""
38809;"2017-01-01 08:04:35";192.168.102.136;""GET / HTTP/1.1"";200;""Mozilla/5.0 (Windows NT 6.1; WOW64) AppleWebKit/537.36 (KHTML, like Gecko) Chrome/59.0.3071.86 Safari/537.36""
38941;"2017-01-01 08:06:13";192.168.102.136;""GET / HTTP/1.1"";200;""Mozilla/5.0 (Windows NT 6.1; WOW64) AppleWebKit/537.36 (KHTML, like Gecko) Chrome/59.0.3071.86 Safari/537.36""
38942;"2017-01-01 08:06:14";192.168.102.136;""GET / HTTP/1.1"";200;""Mozilla/5.0 (Windows NT 6.1; WOW64) AppleWebKit/537.36 (KHTML, like Gecko) Chrome/59.0.3071.86 Safari/537.36""
39168;"2017-01-01 08:08:56";192.168.102.136;""GET / HTTP/1.1"";200;""Mozilla/5.0 (Windows NT 6.1; WOW64) AppleWebKit/537.36 (KHTML, like Gecko) Chrome/59.0.3071.86 Safari/537.36""
39234;"2017-01-01 08:09:54";192.168.102.136;""GET / HTTP/1.1"";200;""Mozilla/5.0 (Windows NT 6.1; WOW64) AppleWebKit/537.36 (KHTML, like Gecko) Chrome/59.0.3071.86 Safari/537.36""
39272;"2017-01-01 08:10:23";192.168.102.136;""GET / HTTP/1.1"";200;""Mozilla/5.0 (Windows NT 6.1; WOW64) AppleWebKit/537.36 (KHTML, like Gecko) Chrome/59.0.3071.86 Safari/537.36""
39842;"2017-01-01 08:17:30";192.168.102.136;""GET / HTTP/1.1"";200;""Mozilla/5.0 (Windows NT 6.1; WOW64) AppleWebKit/537.36 (KHTML, like Gecko) Chrome/59.0.3071.86 Safari/537.36""
39903;"2017-01-01 08:18:25";192.168.102.136;""GET / HTTP/1.1"";200;""Mozilla/5.0 (Windows NT 6.1; WOW64) AppleWebKit/537.36 (KHTML, like Gecko) Chrome/59.0.3071.86 Safari/537.36""
40675;"2017-01-01 08:28:12";192.168.102.136;""GET / HTTP/1.1"";200;""Mozilla/5.0 (Windows NT 6.1; WOW64) AppleWebKit/537.36 (KHTML, like Gecko) Chrome/59.0.3071.86 Safari/537.36""
40770;"2017-01-01 08:29:37";192.168.102.136;""GET / HTTP/1.1"";200;""Mozilla/5.0 (Windows NT 6.1; WOW64) AppleWebKit/537.36 (KHTML, like Gecko) Chrome/59.0.3071.86 Safari/537.36""
41271;"2017-01-01 08:36:11";192.168.102.136;""GET / HTTP/1.1"";200;""Mozilla/5.0 (Windows NT 6.1; WOW64) AppleWebKit/537.36 (KHTML, like Gecko) Chrome/59.0.3071.86 Safari/537.36""
42151;"2017-01-01 08:47:02";192.168.102.136;""GET / HTTP/1.1"";200;""Mozilla/5.0 (Windows NT 6.1; WOW64) AppleWebKit/537.36 (KHTML, like Gecko) Chrome/59.0.3071.86 Safari/537.36""
42155;"2017-01-01 08:47:04";192.168.102.136;""GET / HTTP/1.1"";200;""Mozilla/5.0 (Windows NT 6.1; WOW64) AppleWebKit/537.36 (KHTML, like Gecko) Chrome/59.0.3071.86 Safari/537.36""
42262;"2017-01-01 08:48:27";192.168.102.136;""GET / HTTP/1.1"";200;""Mozilla/5.0 (Windows NT 6.1; WOW64) AppleWebKit/537.36 (KHTML, like Gecko) Chrome/59.0.3071.86 Safari/537.36""
42495;"2017-01-01 08:51:09";192.168.102.136;""GET / HTTP/1.1"";200;""Mozilla/5.0 (Windows NT 6.1; WOW64) AppleWebKit/537.36 (KHTML, like Gecko) Chrome/59.0.3071.86 Safari/537.36""
42638;"2017-01-01 08:53:13";192.168.102.136;""GET / HTTP/1.1"";200;""Mozilla/5.0 (Windows NT 6.1; WOW64) AppleWebKit/537.36 (KHTML, like Gecko) Chrome/59.0.3071.86 Safari/537.36""
42816;"2017-01-01 08:55:16";192.168.102.136;""GET / HTTP/1.1"";200;""Mozilla/5.0 (Windows NT 6.1; WOW64) AppleWebKit/537.36 (KHTML, like Gecko) Chrome/59.0.3071.86 Safari/537.36""
42884;"2017-01-01 08:56:19";192.168.102.136;""GET / HTTP/1.1"";200;""Mozilla/5.0 (Windows NT 6.1; WOW64) AppleWebKit/537.36 (KHTML, like Gecko) Chrome/59.0.3071.86 Safari/537.36""
43083;"2017-01-01 08:58:50";192.168.102.136;""GET / HTTP/1.1"";200;""Mozilla/5.0 (Windows NT 6.1; WOW64) AppleWebKit/537.36 (KHTML, like Gecko) Chrome/59.0.3071.86 Safari/537.36""
43315;"2017-01-01 09:01:31";192.168.102.136;""GET / HTTP/1.1"";200;""Mozilla/5.0 (Windows NT 6.1; WOW64) AppleWebKit/537.36 (KHTML, like Gecko) Chrome/59.0.3071.86 Safari/537.36""
43472;"2017-01-01 09:03:30";192.168.102.136;""GET / HTTP/1.1"";200;""Mozilla/5.0 (Windows NT 6.1; WOW64) AppleWebKit/537.36 (KHTML, like Gecko) Chrome/59.0.3071.86 Safari/537.36""
43577;"2017-01-01 09:04:40";192.168.102.136;""GET / HTTP/1.1"";200;""Mozilla/5.0 (Windows NT 6.1; WOW64) AppleWebKit/537.36 (KHTML, like Gecko) Chrome/59.0.3071.86 Safari/537.36""
43665;"2017-01-01 09:05:40";192.168.102.136;""GET / HTTP/1.1"";200;""Mozilla/5.0 (Windows NT 6.1; WOW64) AppleWebKit/537.36 (KHTML, like Gecko) Chrome/59.0.3071.86 Safari/537.36""
43724;"2017-01-01 09:06:28";192.168.102.136;""GET / HTTP/1.1"";200;""Mozilla/5.0 (Windows NT 6.1; WOW64) AppleWebKit/537.36 (KHTML, like Gecko) Chrome/59.0.3071.86 Safari/537.36""
43854;"2017-01-01 09:08:05";192.168.102.136;""GET / HTTP/1.1"";200;""Mozilla/5.0 (Windows NT 6.1; WOW64) AppleWebKit/537.36 (KHTML, like Gecko) Chrome/59.0.3071.86 Safari/537.36""
44065;"2017-01-01 09:10:39";192.168.102.136;""GET / HTTP/1.1"";200;""Mozilla/5.0 (Windows NT 6.1; WOW64) AppleWebKit/537.36 (KHTML, like Gecko) Chrome/59.0.3071.86 Safari/537.36""
44154;"2017-01-01 09:11:49";192.168.102.136;""GET / HTTP/1.1"";200;""Mozilla/5.0 (Windows NT 6.1; WOW64) AppleWebKit/537.36 (KHTML, like Gecko) Chrome/59.0.3071.86 Safari/537.36""
44420;"2017-01-01 09:15:13";192.168.102.136;""GET / HTTP/1.1"";200;""Mozilla/5.0 (Windows NT 6.1; WOW64) AppleWebKit/537.36 (KHTML, like Gecko) Chrome/59.0.3071.86 Safari/537.36""
44537;"2017-01-01 09:16:34";192.168.102.136;""GET / HTTP/1.1"";200;""Mozilla/5.0 (Windows NT 6.1; WOW64) AppleWebKit/537.36 (KHTML, like Gecko) Chrome/59.0.3071.86 Safari/537.36""
44898;"2017-01-01 09:20:49";192.168.102.136;""GET / HTTP/1.1"";200;""Mozilla/5.0 (Windows NT 6.1; WOW64) AppleWebKit/537.36 (KHTML, like Gecko) Chrome/59.0.3071.86 Safari/537.36""
45318;"2017-01-01 09:25:48";192.168.102.136;""GET / HTTP/1.1"";200;""Mozilla/5.0 (Windows NT 6.1; WOW64) AppleWebKit/537.36 (KHTML, like Gecko) Chrome/59.0.3071.86 Safari/537.36""
45534;"2017-01-01 09:28:21";192.168.102.136;""GET / HTTP/1.1"";200;""Mozilla/5.0 (Windows NT 6.1; WOW64) AppleWebKit/537.36 (KHTML, like Gecko) Chrome/59.0.3071.86 Safari/537.36""
45581;"2017-01-01 09:28:56";192.168.102.136;""GET / HTTP/1.1"";200;""Mozilla/5.0 (Windows NT 6.1; WOW64) AppleWebKit/537.36 (KHTML, like Gecko) Chrome/59.0.3071.86 Safari/537.36""
45728;"2017-01-01 09:30:31";192.168.102.136;""GET / HTTP/1.1"";200;""Mozilla/5.0 (Windows NT 6.1; WOW64) AppleWebKit/537.36 (KHTML, like Gecko) Chrome/59.0.3071.86 Safari/537.36""
45795;"2017-01-01 09:31:15";192.168.102.136;""GET / HTTP/1.1"";200;""Mozilla/5.0 (Windows NT 6.1; WOW64) AppleWebKit/537.36 (KHTML, like Gecko) Chrome/59.0.3071.86 Safari/537.36""
45892;"2017-01-01 09:32:30";192.168.102.136;""GET / HTTP/1.1"";200;""Mozilla/5.0 (Windows NT 6.1; WOW64) AppleWebKit/537.36 (KHTML, like Gecko) Chrome/59.0.3071.86 Safari/537.36""
46110;"2017-01-01 09:35:06";192.168.102.136;""GET / HTTP/1.1"";200;""Mozilla/5.0 (Windows NT 6.1; WOW64) AppleWebKit/537.36 (KHTML, like Gecko) Chrome/59.0.3071.86 Safari/537.36""
46130;"2017-01-01 09:35:22";192.168.102.136;""GET / HTTP/1.1"";200;""Mozilla/5.0 (Windows NT 6.1; WOW64) AppleWebKit/537.36 (KHTML, like Gecko) Chrome/59.0.3071.86 Safari/537.36""
46371;"2017-01-01 09:38:10";192.168.102.136;""GET / HTTP/1.1"";200;""Mozilla/5.0 (Windows NT 6.1; WOW64) AppleWebKit/537.36 (KHTML, like Gecko) Chrome/59.0.3071.86 Safari/537.36""
46472;"2017-01-01 09:39:13";192.168.102.136;""GET / HTTP/1.1"";200;""Mozilla/5.0 (Windows NT 6.1; WOW64) AppleWebKit/537.36 (KHTML, like Gecko) Chrome/59.0.3071.86 Safari/537.36""
46676;"2017-01-01 09:41:26";192.168.102.136;""GET / HTTP/1.1"";200;""Mozilla/5.0 (Windows NT 6.1; WOW64) AppleWebKit/537.36 (KHTML, like Gecko) Chrome/59.0.3071.86 Safari/537.36""
46868;"2017-01-01 09:43:31";192.168.102.136;""GET / HTTP/1.1"";200;""Mozilla/5.0 (Windows NT 6.1; WOW64) AppleWebKit/537.36 (KHTML, like Gecko) Chrome/59.0.3071.86 Safari/537.36""
48145;"2017-01-01 09:58:32";192.168.102.136;""GET / HTTP/1.1"";200;""Mozilla/5.0 (Windows NT 6.1; WOW64) AppleWebKit/537.36 (KHTML, like Gecko) Chrome/59.0.3071.86 Safari/537.36""
48400;"2017-01-01 10:01:37";192.168.102.136;""GET / HTTP/1.1"";200;""Mozilla/5.0 (Windows NT 6.1; WOW64) AppleWebKit/537.36 (KHTML, like Gecko) Chrome/59.0.3071.86 Safari/537.36""
48586;"2017-01-01 10:04:00";192.168.102.136;""GET / HTTP/1.1"";200;""Mozilla/5.0 (Windows NT 6.1; WOW64) AppleWebKit/537.36 (KHTML, like Gecko) Chrome/59.0.3071.86 Safari/537.36""
49315;"2017-01-01 10:14:23";192.168.102.136;""GET / HTTP/1.1"";200;""Mozilla/5.0 (Windows NT 6.1; WOW64) AppleWebKit/537.36 (KHTML, like Gecko) Chrome/59.0.3071.86 Safari/537.36""
49392;"2017-01-01 10:15:40";192.168.102.136;""GET / HTTP/1.1"";200;""Mozilla/5.0 (Windows NT 6.1; WOW64) AppleWebKit/537.36 (KHTML, like Gecko) Chrome/59.0.3071.86 Safari/537.36""
49840;"2017-01-01 10:22:11";192.168.102.136;""GET / HTTP/1.1"";200;""Mozilla/5.0 (Windows NT 6.1; WOW64) AppleWebKit/537.36 (KHTML, like Gecko) Chrome/59.0.3071.86 Safari/537.36""
49932;"2017-01-01 10:23:21";192.168.102.136;""GET / HTTP/1.1"";200;""Mozilla/5.0 (Windows NT 6.1; WOW64) AppleWebKit/537.36 (KHTML, like Gecko) Chrome/59.0.3071.86 Safari/537.36""
50289;"2017-01-01 10:28:08";192.168.102.136;""GET / HTTP/1.1"";200;""Mozilla/5.0 (Windows NT 6.1; WOW64) AppleWebKit/537.36 (KHTML, like Gecko) Chrome/59.0.3071.86 Safari/537.36""
50338;"2017-01-01 10:28:31";192.168.102.136;""GET / HTTP/1.1"";200;""Mozilla/5.0 (Windows NT 6.1; WOW64) AppleWebKit/537.36 (KHTML, like Gecko) Chrome/59.0.3071.86 Safari/537.36""
50345;"2017-01-01 10:28:38";192.168.102.136;""GET / HTTP/1.1"";200;""Mozilla/5.0 (Windows NT 6.1; WOW64) AppleWebKit/537.36 (KHTML, like Gecko) Chrome/59.0.3071.86 Safari/537.36""
50634;"2017-01-01 10:32:09";192.168.102.136;""GET / HTTP/1.1"";200;""Mozilla/5.0 (Windows NT 6.1; WOW64) AppleWebKit/537.36 (KHTML, like Gecko) Chrome/59.0.3071.86 Safari/537.36""
50701;"2017-01-01 10:33:02";192.168.102.136;""GET / HTTP/1.1"";200;""Mozilla/5.0 (Windows NT 6.1; WOW64) AppleWebKit/537.36 (KHTML, like Gecko) Chrome/59.0.3071.86 Safari/537.36""
50810;"2017-01-01 10:34:44";192.168.102.136;""GET / HTTP/1.1"";200;""Mozilla/5.0 (Windows NT 6.1; WOW64) AppleWebKit/537.36 (KHTML, like Gecko) Chrome/59.0.3071.86 Safari/537.36""
50842;"2017-01-01 10:35:11";192.168.102.136;""GET / HTTP/1.1"";200;""Mozilla/5.0 (Windows NT 6.1; WOW64) AppleWebKit/537.36 (KHTML, like Gecko) Chrome/59.0.3071.86 Safari/537.36""
51091;"2017-01-01 10:38:39";192.168.102.136;""GET / HTTP/1.1"";200;""Mozilla/5.0 (Windows NT 6.1; WOW64) AppleWebKit/537.36 (KHTML, like Gecko) Chrome/59.0.3071.86 Safari/537.36""
51217;"2017-01-01 10:40:29";192.168.102.136;""GET / HTTP/1.1"";200;""Mozilla/5.0 (Windows NT 6.1; WOW64) AppleWebKit/537.36 (KHTML, like Gecko) Chrome/59.0.3071.86 Safari/537.36""
51544;"2017-01-01 10:45:14";192.168.102.136;""GET / HTTP/1.1"";200;""Mozilla/5.0 (Windows NT 6.1; WOW64) AppleWebKit/537.36 (KHTML, like Gecko) Chrome/59.0.3071.86 Safari/537.36""
51665;"2017-01-01 10:47:04";192.168.102.136;""GET / HTTP/1.1"";200;""Mozilla/5.0 (Windows NT 6.1; WOW64) AppleWebKit/537.36 (KHTML, like Gecko) Chrome/59.0.3071.86 Safari/537.36""
51847;"2017-01-01 10:49:46";192.168.102.136;""GET / HTTP/1.1"";200;""Mozilla/5.0 (Windows NT 6.1; WOW64) AppleWebKit/537.36 (KHTML, like Gecko) Chrome/59.0.3071.86 Safari/537.36""
52057;"2017-01-01 10:52:28";192.168.102.136;""GET / HTTP/1.1"";200;""Mozilla/5.0 (Windows NT 6.1; WOW64) AppleWebKit/537.36 (KHTML, like Gecko) Chrome/59.0.3071.86 Safari/537.36""
52824;"2017-01-01 11:02:23";192.168.102.136;""GET / HTTP/1.1"";200;""Mozilla/5.0 (Windows NT 6.1; WOW64) AppleWebKit/537.36 (KHTML, like Gecko) Chrome/59.0.3071.86 Safari/537.36""
52901;"2017-01-01 11:03:05";192.168.102.136;""GET / HTTP/1.1"";200;""Mozilla/5.0 (Windows NT 6.1; WOW64) AppleWebKit/537.36 (KHTML, like Gecko) Chrome/59.0.3071.86 Safari/537.36""
53187;"2017-01-01 11:06:30";192.168.102.136;""GET / HTTP/1.1"";200;""Mozilla/5.0 (Windows NT 6.1; WOW64) AppleWebKit/537.36 (KHTML, like Gecko) Chrome/59.0.3071.86 Safari/537.36""
53311;"2017-01-01 11:07:59";192.168.102.136;""GET / HTTP/1.1"";200;""Mozilla/5.0 (Windows NT 6.1; WOW64) AppleWebKit/537.36 (KHTML, like Gecko) Chrome/59.0.3071.86 Safari/537.36""
53330;"2017-01-01 11:08:13";192.168.102.136;""GET / HTTP/1.1"";200;""Mozilla/5.0 (Windows NT 6.1; WOW64) AppleWebKit/537.36 (KHTML, like Gecko) Chrome/59.0.3071.86 Safari/537.36""
53713;"2017-01-01 11:12:37";192.168.102.136;""GET / HTTP/1.1"";200;""Mozilla/5.0 (Windows NT 6.1; WOW64) AppleWebKit/537.36 (KHTML, like Gecko) Chrome/59.0.3071.86 Safari/537.36""
53915;"2017-01-01 11:14:49";192.168.102.136;""GET / HTTP/1.1"";200;""Mozilla/5.0 (Windows NT 6.1; WOW64) AppleWebKit/537.36 (KHTML, like Gecko) Chrome/59.0.3071.86 Safari/537.36""
53954;"2017-01-01 11:15:13";192.168.102.136;""GET / HTTP/1.1"";200;""Mozilla/5.0 (Windows NT 6.1; WOW64) AppleWebKit/537.36 (KHTML, like Gecko) Chrome/59.0.3071.86 Safari/537.36""
54007;"2017-01-01 11:15:48";192.168.102.136;""GET / HTTP/1.1"";200;""Mozilla/5.0 (Windows NT 6.1; WOW64) AppleWebKit/537.36 (KHTML, like Gecko) Chrome/59.0.3071.86 Safari/537.36""
54410;"2017-01-01 11:20:13";192.168.102.136;""GET / HTTP/1.1"";200;""Mozilla/5.0 (Windows NT 6.1; WOW64) AppleWebKit/537.36 (KHTML, like Gecko) Chrome/59.0.3071.86 Safari/537.36""
54455;"2017-01-01 11:20:36";192.168.102.136;""GET / HTTP/1.1"";200;""Mozilla/5.0 (Windows NT 6.1; WOW64) AppleWebKit/537.36 (KHTML, like Gecko) Chrome/59.0.3071.86 Safari/537.36""
54881;"2017-01-01 11:25:19";192.168.102.136;""GET / HTTP/1.1"";200;""Mozilla/5.0 (Windows NT 6.1; WOW64) AppleWebKit/537.36 (KHTML, like Gecko) Chrome/59.0.3071.86 Safari/537.36""
55255;"2017-01-01 11:29:33";192.168.102.136;""GET / HTTP/1.1"";200;""Mozilla/5.0 (Windows NT 6.1; WOW64) AppleWebKit/537.36 (KHTML, like Gecko) Chrome/59.0.3071.86 Safari/537.36""
55340;"2017-01-01 11:30:36";192.168.102.136;""GET / HTTP/1.1"";200;""Mozilla/5.0 (Windows NT 6.1; WOW64) AppleWebKit/537.36 (KHTML, like Gecko) Chrome/59.0.3071.86 Safari/537.36""
55391;"2017-01-01 11:31:11";192.168.102.136;""GET / HTTP/1.1"";200;""Mozilla/5.0 (Windows NT 6.1; WOW64) AppleWebKit/537.36 (KHTML, like Gecko) Chrome/59.0.3071.86 Safari/537.36""
55591;"2017-01-01 11:33:56";192.168.102.136;""GET / HTTP/1.1"";200;""Mozilla/5.0 (Windows NT 6.1; WOW64) AppleWebKit/537.36 (KHTML, like Gecko) Chrome/59.0.3071.86 Safari/537.36""
55664;"2017-01-01 11:34:48";192.168.102.136;""GET / HTTP/1.1"";200;""Mozilla/5.0 (Windows NT 6.1; WOW64) AppleWebKit/537.36 (KHTML, like Gecko) Chrome/59.0.3071.86 Safari/537.36""
55684;"2017-01-01 11:34:59";192.168.102.136;""GET / HTTP/1.1"";200;""Mozilla/5.0 (Windows NT 6.1; WOW64) AppleWebKit/537.36 (KHTML, like Gecko) Chrome/59.0.3071.86 Safari/537.36""
56022;"2017-01-01 11:38:45";192.168.102.136;""GET / HTTP/1.1"";200;""Mozilla/5.0 (Windows NT 6.1; WOW64) AppleWebKit/537.36 (KHTML, like Gecko) Chrome/59.0.3071.86 Safari/537.36""
56049;"2017-01-01 11:39:02";192.168.102.136;""GET / HTTP/1.1"";200;""Mozilla/5.0 (Windows NT 6.1; WOW64) AppleWebKit/537.36 (KHTML, like Gecko) Chrome/59.0.3071.86 Safari/537.36""
56119;"2017-01-01 11:40:02";192.168.102.136;""GET / HTTP/1.1"";200;""Mozilla/5.0 (Windows NT 6.1; WOW64) AppleWebKit/537.36 (KHTML, like Gecko) Chrome/59.0.3071.86 Safari/537.36""
56124;"2017-01-01 11:40:05";192.168.102.136;""GET / HTTP/1.1"";200;""Mozilla/5.0 (Windows NT 6.1; WOW64) AppleWebKit/537.36 (KHTML, like Gecko) Chrome/59.0.3071.86 Safari/537.36""
56142;"2017-01-01 11:40:19";192.168.102.136;""GET / HTTP/1.1"";200;""Mozilla/5.0 (Windows NT 6.1; WOW64) AppleWebKit/537.36 (KHTML, like Gecko) Chrome/59.0.3071.86 Safari/537.36""
56581;"2017-01-01 11:45:51";192.168.102.136;""GET / HTTP/1.1"";200;""Mozilla/5.0 (Windows NT 6.1; WOW64) AppleWebKit/537.36 (KHTML, like Gecko) Chrome/59.0.3071.86 Safari/537.36""
56892;"2017-01-01 11:49:31";192.168.102.136;""GET / HTTP/1.1"";200;""Mozilla/5.0 (Windows NT 6.1; WOW64) AppleWebKit/537.36 (KHTML, like Gecko) Chrome/59.0.3071.86 Safari/537.36""
57034;"2017-01-01 11:51:30";192.168.102.136;""GET / HTTP/1.1"";200;""Mozilla/5.0 (Windows NT 6.1; WOW64) AppleWebKit/537.36 (KHTML, like Gecko) Chrome/59.0.3071.86 Safari/537.36""
57268;"2017-01-01 11:54:01";192.168.102.136;""GET / HTTP/1.1"";200;""Mozilla/5.0 (Windows NT 6.1; WOW64) AppleWebKit/537.36 (KHTML, like Gecko) Chrome/59.0.3071.86 Safari/537.36""
57494;"2017-01-01 11:56:30";192.168.102.136;""GET / HTTP/1.1"";200;""Mozilla/5.0 (Windows NT 6.1; WOW64) AppleWebKit/537.36 (KHTML, like Gecko) Chrome/59.0.3071.86 Safari/537.36""
58510;"2017-01-01 00:08:33";192.168.102.136;""GET / HTTP/1.1"";200;""Mozilla/5.0 (Windows NT 6.1; WOW64) AppleWebKit/537.36 (KHTML, like Gecko) Chrome/59.0.3071.86 Safari/537.36""
58637;"2017-01-01 00:10:01";192.168.102.136;""GET / HTTP/1.1"";200;""Mozilla/5.0 (Windows NT 6.1; WOW64) AppleWebKit/537.36 (KHTML, like Gecko) Chrome/59.0.3071.86 Safari/537.36""
59026;"2017-01-01 00:14:47";192.168.102.136;""GET / HTTP/1.1"";200;""Mozilla/5.0 (Windows NT 6.1; WOW64) AppleWebKit/537.36 (KHTML, like Gecko) Chrome/59.0.3071.86 Safari/537.36""
59215;"2017-01-01 00:16:59";192.168.102.136;""GET / HTTP/1.1"";200;""Mozilla/5.0 (Windows NT 6.1; WOW64) AppleWebKit/537.36 (KHTML, like Gecko) Chrome/59.0.3071.86 Safari/537.36""
59468;"2017-01-01 00:19:45";192.168.102.136;""GET / HTTP/1.1"";200;""Mozilla/5.0 (Windows NT 6.1; WOW64) AppleWebKit/537.36 (KHTML, like Gecko) Chrome/59.0.3071.86 Safari/537.36""
59475;"2017-01-01 00:19:53";192.168.102.136;""GET / HTTP/1.1"";200;""Mozilla/5.0 (Windows NT 6.1; WOW64) AppleWebKit/537.36 (KHTML, like Gecko) Chrome/59.0.3071.86 Safari/537.36""
59882;"2017-01-01 00:24:09";192.168.102.136;""GET / HTTP/1.1"";200;""Mozilla/5.0 (Windows NT 6.1; WOW64) AppleWebKit/537.36 (KHTML, like Gecko) Chrome/59.0.3071.86 Safari/537.36""
60280;"2017-01-01 00:28:46";192.168.102.136;""GET / HTTP/1.1"";200;""Mozilla/5.0 (Windows NT 6.1; WOW64) AppleWebKit/537.36 (KHTML, like Gecko) Chrome/59.0.3071.86 Safari/537.36""
60286;"2017-01-01 00:28:48";192.168.102.136;""GET / HTTP/1.1"";200;""Mozilla/5.0 (Windows NT 6.1; WOW64) AppleWebKit/537.36 (KHTML, like Gecko) Chrome/59.0.3071.86 Safari/537.36""
60668;"2017-01-01 00:33:18";192.168.102.136;""GET / HTTP/1.1"";200;""Mozilla/5.0 (Windows NT 6.1; WOW64) AppleWebKit/537.36 (KHTML, like Gecko) Chrome/59.0.3071.86 Safari/537.36""
60846;"2017-01-01 00:35:06";192.168.102.136;""GET / HTTP/1.1"";200;""Mozilla/5.0 (Windows NT 6.1; WOW64) AppleWebKit/537.36 (KHTML, like Gecko) Chrome/59.0.3071.86 Safari/537.36""
60873;"2017-01-01 00:35:23";192.168.102.136;""GET / HTTP/1.1"";200;""Mozilla/5.0 (Windows NT 6.1; WOW64) AppleWebKit/537.36 (KHTML, like Gecko) Chrome/59.0.3071.86 Safari/537.36""
60987;"2017-01-01 00:36:47";192.168.102.136;""GET / HTTP/1.1"";200;""Mozilla/5.0 (Windows NT 6.1; WOW64) AppleWebKit/537.36 (KHTML, like Gecko) Chrome/59.0.3071.86 Safari/537.36""
61221;"2017-01-01 00:39:23";192.168.102.136;""GET / HTTP/1.1"";200;""Mozilla/5.0 (Windows NT 6.1; WOW64) AppleWebKit/537.36 (KHTML, like Gecko) Chrome/59.0.3071.86 Safari/537.36""
61602;"2017-01-01 00:43:49";192.168.102.136;""GET / HTTP/1.1"";200;""Mozilla/5.0 (Windows NT 6.1; WOW64) AppleWebKit/537.36 (KHTML, like Gecko) Chrome/59.0.3071.86 Safari/537.36""
61758;"2017-01-01 00:45:41";192.168.102.136;""GET / HTTP/1.1"";200;""Mozilla/5.0 (Windows NT 6.1; WOW64) AppleWebKit/537.36 (KHTML, like Gecko) Chrome/59.0.3071.86 Safari/537.36""
62070;"2017-01-01 00:49:16";192.168.102.136;""GET / HTTP/1.1"";200;""Mozilla/5.0 (Windows NT 6.1; WOW64) AppleWebKit/537.36 (KHTML, like Gecko) Chrome/59.0.3071.86 Safari/537.36""
62219;"2017-01-01 00:50:59";192.168.102.136;""GET / HTTP/1.1"";200;""Mozilla/5.0 (Windows NT 6.1; WOW64) AppleWebKit/537.36 (KHTML, like Gecko) Chrome/59.0.3071.86 Safari/537.36""
62614;"2017-01-01 00:55:38";192.168.102.136;""GET / HTTP/1.1"";200;""Mozilla/5.0 (Windows NT 6.1; WOW64) AppleWebKit/537.36 (KHTML, like Gecko) Chrome/59.0.3071.86 Safari/537.36""
62642;"2017-01-01 00:55:56";192.168.102.136;""GET / HTTP/1.1"";200;""Mozilla/5.0 (Windows NT 6.1; WOW64) AppleWebKit/537.36 (KHTML, like Gecko) Chrome/59.0.3071.86 Safari/537.36""
63010;"2017-01-01 13:00:22";192.168.102.136;""GET / HTTP/1.1"";200;""Mozilla/5.0 (Windows NT 6.1; WOW64) AppleWebKit/537.36 (KHTML, like Gecko) Chrome/59.0.3071.86 Safari/537.36""
63345;"2017-01-01 13:04:46";192.168.102.136;""GET / HTTP/1.1"";200;""Mozilla/5.0 (Windows NT 6.1; WOW64) AppleWebKit/537.36 (KHTML, like Gecko) Chrome/59.0.3071.86 Safari/537.36""
63627;"2017-01-01 13:08:36";192.168.102.136;""GET / HTTP/1.1"";200;""Mozilla/5.0 (Windows NT 6.1; WOW64) AppleWebKit/537.36 (KHTML, like Gecko) Chrome/59.0.3071.86 Safari/537.36""
63710;"2017-01-01 13:09:48";192.168.102.136;""GET / HTTP/1.1"";200;""Mozilla/5.0 (Windows NT 6.1; WOW64) AppleWebKit/537.36 (KHTML, like Gecko) Chrome/59.0.3071.86 Safari/537.36""
63958;"2017-01-01 13:13:01";192.168.102.136;""GET / HTTP/1.1"";200;""Mozilla/5.0 (Windows NT 6.1; WOW64) AppleWebKit/537.36 (KHTML, like Gecko) Chrome/59.0.3071.86 Safari/537.36""
64360;"2017-01-01 13:18:36";192.168.102.136;""GET / HTTP/1.1"";200;""Mozilla/5.0 (Windows NT 6.1; WOW64) AppleWebKit/537.36 (KHTML, like Gecko) Chrome/59.0.3071.86 Safari/537.36""
64542;"2017-01-01 13:20:35";192.168.102.136;""GET / HTTP/1.1"";200;""Mozilla/5.0 (Windows NT 6.1; WOW64) AppleWebKit/537.36 (KHTML, like Gecko) Chrome/59.0.3071.86 Safari/537.36""
65135;"2017-01-01 13:28:36";192.168.102.136;""GET / HTTP/1.1"";200;""Mozilla/5.0 (Windows NT 6.1; WOW64) AppleWebKit/537.36 (KHTML, like Gecko) Chrome/59.0.3071.86 Safari/537.36""
65151;"2017-01-01 13:28:48";192.168.102.136;""GET / HTTP/1.1"";200;""Mozilla/5.0 (Windows NT 6.1; WOW64) AppleWebKit/537.36 (KHTML, like Gecko) Chrome/59.0.3071.86 Safari/537.36""
65202;"2017-01-01 13:29:31";192.168.102.136;""GET / HTTP/1.1"";200;""Mozilla/5.0 (Windows NT 6.1; WOW64) AppleWebKit/537.36 (KHTML, like Gecko) Chrome/59.0.3071.86 Safari/537.36""
65240;"2017-01-01 13:29:57";192.168.102.136;""GET / HTTP/1.1"";200;""Mozilla/5.0 (Windows NT 6.1; WOW64) AppleWebKit/537.36 (KHTML, like Gecko) Chrome/59.0.3071.86 Safari/537.36""
66310;"2017-01-01 13:44:09";192.168.102.136;""GET / HTTP/1.1"";200;""Mozilla/5.0 (Windows NT 6.1; WOW64) AppleWebKit/537.36 (KHTML, like Gecko) Chrome/59.0.3071.86 Safari/537.36""
66388;"2017-01-01 13:45:09";192.168.102.136;""GET / HTTP/1.1"";200;""Mozilla/5.0 (Windows NT 6.1; WOW64) AppleWebKit/537.36 (KHTML, like Gecko) Chrome/59.0.3071.86 Safari/537.36""
66448;"2017-01-01 13:45:59";192.168.102.136;""GET / HTTP/1.1"";200;""Mozilla/5.0 (Windows NT 6.1; WOW64) AppleWebKit/537.36 (KHTML, like Gecko) Chrome/59.0.3071.86 Safari/537.36""
66954;"2017-01-01 13:52:28";192.168.102.136;""GET / HTTP/1.1"";200;""Mozilla/5.0 (Windows NT 6.1; WOW64) AppleWebKit/537.36 (KHTML, like Gecko) Chrome/59.0.3071.86 Safari/537.36""
66956;"2017-01-01 13:52:29";192.168.102.136;""GET / HTTP/1.1"";200;""Mozilla/5.0 (Windows NT 6.1; WOW64) AppleWebKit/537.36 (KHTML, like Gecko) Chrome/59.0.3071.86 Safari/537.36""
67006;"2017-01-01 13:53:22";192.168.102.136;""GET / HTTP/1.1"";200;""Mozilla/5.0 (Windows NT 6.1; WOW64) AppleWebKit/537.36 (KHTML, like Gecko) Chrome/59.0.3071.86 Safari/537.36""
67050;"2017-01-01 13:54:03";192.168.102.136;""GET / HTTP/1.1"";200;""Mozilla/5.0 (Windows NT 6.1; WOW64) AppleWebKit/537.36 (KHTML, like Gecko) Chrome/59.0.3071.86 Safari/537.36""
67215;"2017-01-01 13:56:26";192.168.102.136;""GET / HTTP/1.1"";200;""Mozilla/5.0 (Windows NT 6.1; WOW64) AppleWebKit/537.36 (KHTML, like Gecko) Chrome/59.0.3071.86 Safari/537.36""
67500;"2017-01-01 14:00:25";192.168.102.136;""GET / HTTP/1.1"";200;""Mozilla/5.0 (Windows NT 6.1; WOW64) AppleWebKit/537.36 (KHTML, like Gecko) Chrome/59.0.3071.86 Safari/537.36""
67575;"2017-01-01 14:01:21";192.168.102.136;""GET / HTTP/1.1"";200;""Mozilla/5.0 (Windows NT 6.1; WOW64) AppleWebKit/537.36 (KHTML, like Gecko) Chrome/59.0.3071.86 Safari/537.36""
67696;"2017-01-01 14:02:39";192.168.102.136;""GET / HTTP/1.1"";200;""Mozilla/5.0 (Windows NT 6.1; WOW64) AppleWebKit/537.36 (KHTML, like Gecko) Chrome/59.0.3071.86 Safari/537.36""
67761;"2017-01-01 14:03:28";192.168.102.136;""GET / HTTP/1.1"";200;""Mozilla/5.0 (Windows NT 6.1; WOW64) AppleWebKit/537.36 (KHTML, like Gecko) Chrome/59.0.3071.86 Safari/537.36""
67809;"2017-01-01 14:04:04";192.168.102.136;""GET / HTTP/1.1"";200;""Mozilla/5.0 (Windows NT 6.1; WOW64) AppleWebKit/537.36 (KHTML, like Gecko) Chrome/59.0.3071.86 Safari/537.36""
67943;"2017-01-01 14:05:42";192.168.102.136;""GET / HTTP/1.1"";200;""Mozilla/5.0 (Windows NT 6.1; WOW64) AppleWebKit/537.36 (KHTML, like Gecko) Chrome/59.0.3071.86 Safari/537.36""
68425;"2017-01-01 14:11:01";192.168.102.136;""GET / HTTP/1.1"";200;""Mozilla/5.0 (Windows NT 6.1; WOW64) AppleWebKit/537.36 (KHTML, like Gecko) Chrome/59.0.3071.86 Safari/537.36""
68639;"2017-01-01 14:13:12";192.168.102.136;""GET / HTTP/1.1"";200;""Mozilla/5.0 (Windows NT 6.1; WOW64) AppleWebKit/537.36 (KHTML, like Gecko) Chrome/59.0.3071.86 Safari/537.36""
68958;"2017-01-01 14:16:51";192.168.102.136;""GET / HTTP/1.1"";200;""Mozilla/5.0 (Windows NT 6.1; WOW64) AppleWebKit/537.36 (KHTML, like Gecko) Chrome/59.0.3071.86 Safari/537.36""
69223;"2017-01-01 14:19:51";192.168.102.136;""GET / HTTP/1.1"";200;""Mozilla/5.0 (Windows NT 6.1; WOW64) AppleWebKit/537.36 (KHTML, like Gecko) Chrome/59.0.3071.86 Safari/537.36""
69522;"2017-01-01 14:23:34";192.168.102.136;""GET / HTTP/1.1"";200;""Mozilla/5.0 (Windows NT 6.1; WOW64) AppleWebKit/537.36 (KHTML, like Gecko) Chrome/59.0.3071.86 Safari/537.36""
69605;"2017-01-01 14:24:38";192.168.102.136;""GET / HTTP/1.1"";200;""Mozilla/5.0 (Windows NT 6.1; WOW64) AppleWebKit/537.36 (KHTML, like Gecko) Chrome/59.0.3071.86 Safari/537.36""
69612;"2017-01-01 14:24:44";192.168.102.136;""GET / HTTP/1.1"";200;""Mozilla/5.0 (Windows NT 6.1; WOW64) AppleWebKit/537.36 (KHTML, like Gecko) Chrome/59.0.3071.86 Safari/537.36""
69622;"2017-01-01 14:24:51";192.168.102.136;""GET / HTTP/1.1"";200;""Mozilla/5.0 (Windows NT 6.1; WOW64) AppleWebKit/537.36 (KHTML, like Gecko) Chrome/59.0.3071.86 Safari/537.36""
69793;"2017-01-01 14:26:49";192.168.102.136;""GET / HTTP/1.1"";200;""Mozilla/5.0 (Windows NT 6.1; WOW64) AppleWebKit/537.36 (KHTML, like Gecko) Chrome/59.0.3071.86 Safari/537.36""
69980;"2017-01-01 14:29:09";192.168.102.136;""GET / HTTP/1.1"";200;""Mozilla/5.0 (Windows NT 6.1; WOW64) AppleWebKit/537.36 (KHTML, like Gecko) Chrome/59.0.3071.86 Safari/537.36""
70457;"2017-01-01 14:34:55";192.168.102.136;""GET / HTTP/1.1"";200;""Mozilla/5.0 (Windows NT 6.1; WOW64) AppleWebKit/537.36 (KHTML, like Gecko) Chrome/59.0.3071.86 Safari/537.36""
70523;"2017-01-01 14:35:42";192.168.102.136;""GET / HTTP/1.1"";200;""Mozilla/5.0 (Windows NT 6.1; WOW64) AppleWebKit/537.36 (KHTML, like Gecko) Chrome/59.0.3071.86 Safari/537.36""
70605;"2017-01-01 14:36:45";192.168.102.136;""GET / HTTP/1.1"";200;""Mozilla/5.0 (Windows NT 6.1; WOW64) AppleWebKit/537.36 (KHTML, like Gecko) Chrome/59.0.3071.86 Safari/537.36""
70728;"2017-01-01 14:38:21";192.168.102.136;""GET / HTTP/1.1"";200;""Mozilla/5.0 (Windows NT 6.1; WOW64) AppleWebKit/537.36 (KHTML, like Gecko) Chrome/59.0.3071.86 Safari/537.36""
71210;"2017-01-01 14:43:31";192.168.102.136;""GET / HTTP/1.1"";200;""Mozilla/5.0 (Windows NT 6.1; WOW64) AppleWebKit/537.36 (KHTML, like Gecko) Chrome/59.0.3071.86 Safari/537.36""
71372;"2017-01-01 14:45:28";192.168.102.136;""GET / HTTP/1.1"";200;""Mozilla/5.0 (Windows NT 6.1; WOW64) AppleWebKit/537.36 (KHTML, like Gecko) Chrome/59.0.3071.86 Safari/537.36""
71586;"2017-01-01 14:47:47";192.168.102.136;""GET / HTTP/1.1"";200;""Mozilla/5.0 (Windows NT 6.1; WOW64) AppleWebKit/537.36 (KHTML, like Gecko) Chrome/59.0.3071.86 Safari/537.36""
72375;"2017-01-01 14:57:01";192.168.102.136;""GET / HTTP/1.1"";200;""Mozilla/5.0 (Windows NT 6.1; WOW64) AppleWebKit/537.36 (KHTML, like Gecko) Chrome/59.0.3071.86 Safari/537.36""
72414;"2017-01-01 14:57:26";192.168.102.136;""GET / HTTP/1.1"";200;""Mozilla/5.0 (Windows NT 6.1; WOW64) AppleWebKit/537.36 (KHTML, like Gecko) Chrome/59.0.3071.86 Safari/537.36""
72544;"2017-01-01 14:58:59";192.168.102.136;""GET / HTTP/1.1"";200;""Mozilla/5.0 (Windows NT 6.1; WOW64) AppleWebKit/537.36 (KHTML, like Gecko) Chrome/59.0.3071.86 Safari/537.36""
72596;"2017-01-01 14:59:37";192.168.102.136;""GET / HTTP/1.1"";200;""Mozilla/5.0 (Windows NT 6.1; WOW64) AppleWebKit/537.36 (KHTML, like Gecko) Chrome/59.0.3071.86 Safari/537.36""
73480;"2017-01-01 15:11:12";192.168.102.136;""GET / HTTP/1.1"";200;""Mozilla/5.0 (Windows NT 6.1; WOW64) AppleWebKit/537.36 (KHTML, like Gecko) Chrome/59.0.3071.86 Safari/537.36""
73703;"2017-01-01 15:14:03";192.168.102.136;""GET / HTTP/1.1"";200;""Mozilla/5.0 (Windows NT 6.1; WOW64) AppleWebKit/537.36 (KHTML, like Gecko) Chrome/59.0.3071.86 Safari/537.36""
73792;"2017-01-01 15:15:14";192.168.102.136;""GET / HTTP/1.1"";200;""Mozilla/5.0 (Windows NT 6.1; WOW64) AppleWebKit/537.36 (KHTML, like Gecko) Chrome/59.0.3071.86 Safari/537.36""
74223;"2017-01-01 15:20:47";192.168.102.136;""GET / HTTP/1.1"";200;""Mozilla/5.0 (Windows NT 6.1; WOW64) AppleWebKit/537.36 (KHTML, like Gecko) Chrome/59.0.3071.86 Safari/537.36""
74633;"2017-01-01 15:26:10";192.168.102.136;""GET / HTTP/1.1"";200;""Mozilla/5.0 (Windows NT 6.1; WOW64) AppleWebKit/537.36 (KHTML, like Gecko) Chrome/59.0.3071.86 Safari/537.36""
74769;"2017-01-01 15:28:00";192.168.102.136;""GET / HTTP/1.1"";200;""Mozilla/5.0 (Windows NT 6.1; WOW64) AppleWebKit/537.36 (KHTML, like Gecko) Chrome/59.0.3071.86 Safari/537.36""
74959;"2017-01-01 15:30:27";192.168.102.136;""GET / HTTP/1.1"";200;""Mozilla/5.0 (Windows NT 6.1; WOW64) AppleWebKit/537.36 (KHTML, like Gecko) Chrome/59.0.3071.86 Safari/537.36""
75549;"2017-01-01 15:38:16";192.168.102.136;""GET / HTTP/1.1"";200;""Mozilla/5.0 (Windows NT 6.1; WOW64) AppleWebKit/537.36 (KHTML, like Gecko) Chrome/59.0.3071.86 Safari/537.36""
75670;"2017-01-01 15:39:33";192.168.102.136;""GET / HTTP/1.1"";200;""Mozilla/5.0 (Windows NT 6.1; WOW64) AppleWebKit/537.36 (KHTML, like Gecko) Chrome/59.0.3071.86 Safari/537.36""
75798;"2017-01-01 15:41:29";192.168.102.136;""GET / HTTP/1.1"";200;""Mozilla/5.0 (Windows NT 6.1; WOW64) AppleWebKit/537.36 (KHTML, like Gecko) Chrome/59.0.3071.86 Safari/537.36""
75913;"2017-01-01 15:43:05";192.168.102.136;""GET / HTTP/1.1"";200;""Mozilla/5.0 (Windows NT 6.1; WOW64) AppleWebKit/537.36 (KHTML, like Gecko) Chrome/59.0.3071.86 Safari/537.36""
76186;"2017-01-01 15:46:58";192.168.102.136;""GET / HTTP/1.1"";200;""Mozilla/5.0 (Windows NT 6.1; WOW64) AppleWebKit/537.36 (KHTML, like Gecko) Chrome/59.0.3071.86 Safari/537.36""
76222;"2017-01-01 15:47:31";192.168.102.136;""GET / HTTP/1.1"";200;""Mozilla/5.0 (Windows NT 6.1; WOW64) AppleWebKit/537.36 (KHTML, like Gecko) Chrome/59.0.3071.86 Safari/537.36""
76284;"2017-01-01 15:48:35";192.168.102.136;""GET / HTTP/1.1"";200;""Mozilla/5.0 (Windows NT 6.1; WOW64) AppleWebKit/537.36 (KHTML, like Gecko) Chrome/59.0.3071.86 Safari/537.36""
76763;"2017-01-01 15:55:19";192.168.102.136;""GET / HTTP/1.1"";200;""Mozilla/5.0 (Windows NT 6.1; WOW64) AppleWebKit/537.36 (KHTML, like Gecko) Chrome/59.0.3071.86 Safari/537.36""
77451;"2017-01-01 16:04:28";192.168.102.136;""GET / HTTP/1.1"";200;""Mozilla/5.0 (Windows NT 6.1; WOW64) AppleWebKit/537.36 (KHTML, like Gecko) Chrome/59.0.3071.86 Safari/537.36""
77534;"2017-01-01 16:05:49";192.168.102.136;""GET / HTTP/1.1"";200;""Mozilla/5.0 (Windows NT 6.1; WOW64) AppleWebKit/537.36 (KHTML, like Gecko) Chrome/59.0.3071.86 Safari/537.36""
77667;"2017-01-01 16:07:12";192.168.102.136;""GET / HTTP/1.1"";200;""Mozilla/5.0 (Windows NT 6.1; WOW64) AppleWebKit/537.36 (KHTML, like Gecko) Chrome/59.0.3071.86 Safari/537.36""
77683;"2017-01-01 16:07:18";192.168.102.136;""GET / HTTP/1.1"";200;""Mozilla/5.0 (Windows NT 6.1; WOW64) AppleWebKit/537.36 (KHTML, like Gecko) Chrome/59.0.3071.86 Safari/537.36""
77840;"2017-01-01 16:09:15";192.168.102.136;""GET / HTTP/1.1"";200;""Mozilla/5.0 (Windows NT 6.1; WOW64) AppleWebKit/537.36 (KHTML, like Gecko) Chrome/59.0.3071.86 Safari/537.36""
77900;"2017-01-01 16:09:59";192.168.102.136;""GET / HTTP/1.1"";200;""Mozilla/5.0 (Windows NT 6.1; WOW64) AppleWebKit/537.36 (KHTML, like Gecko) Chrome/59.0.3071.86 Safari/537.36""
78293;"2017-01-01 16:14:36";192.168.102.136;""GET / HTTP/1.1"";200;""Mozilla/5.0 (Windows NT 6.1; WOW64) AppleWebKit/537.36 (KHTML, like Gecko) Chrome/59.0.3071.86 Safari/537.36""
78530;"2017-01-01 16:17:26";192.168.102.136;""GET / HTTP/1.1"";200;""Mozilla/5.0 (Windows NT 6.1; WOW64) AppleWebKit/537.36 (KHTML, like Gecko) Chrome/59.0.3071.86 Safari/537.36""
79360;"2017-01-01 16:26:51";192.168.102.136;""GET / HTTP/1.1"";200;""Mozilla/5.0 (Windows NT 6.1; WOW64) AppleWebKit/537.36 (KHTML, like Gecko) Chrome/59.0.3071.86 Safari/537.36""
79406;"2017-01-01 16:27:21";192.168.102.136;""GET / HTTP/1.1"";200;""Mozilla/5.0 (Windows NT 6.1; WOW64) AppleWebKit/537.36 (KHTML, like Gecko) Chrome/59.0.3071.86 Safari/537.36""
79425;"2017-01-01 16:27:34";192.168.102.136;""GET / HTTP/1.1"";200;""Mozilla/5.0 (Windows NT 6.1; WOW64) AppleWebKit/537.36 (KHTML, like Gecko) Chrome/59.0.3071.86 Safari/537.36""
79758;"2017-01-01 16:31:49";192.168.102.136;""GET / HTTP/1.1"";200;""Mozilla/5.0 (Windows NT 6.1; WOW64) AppleWebKit/537.36 (KHTML, like Gecko) Chrome/59.0.3071.86 Safari/537.36""
80001;"2017-01-01 16:34:41";192.168.102.136;""GET / HTTP/1.1"";200;""Mozilla/5.0 (Windows NT 6.1; WOW64) AppleWebKit/537.36 (KHTML, like Gecko) Chrome/59.0.3071.86 Safari/537.36""
80331;"2017-01-01 16:38:42";192.168.102.136;""GET / HTTP/1.1"";200;""Mozilla/5.0 (Windows NT 6.1; WOW64) AppleWebKit/537.36 (KHTML, like Gecko) Chrome/59.0.3071.86 Safari/537.36""
80560;"2017-01-01 16:41:21";192.168.102.136;""GET / HTTP/1.1"";200;""Mozilla/5.0 (Windows NT 6.1; WOW64) AppleWebKit/537.36 (KHTML, like Gecko) Chrome/59.0.3071.86 Safari/537.36""
80959;"2017-01-01 16:45:30";192.168.102.136;""GET / HTTP/1.1"";200;""Mozilla/5.0 (Windows NT 6.1; WOW64) AppleWebKit/537.36 (KHTML, like Gecko) Chrome/59.0.3071.86 Safari/537.36""
81036;"2017-01-01 16:46:29";192.168.102.136;""GET / HTTP/1.1"";200;""Mozilla/5.0 (Windows NT 6.1; WOW64) AppleWebKit/537.36 (KHTML, like Gecko) Chrome/59.0.3071.86 Safari/537.36""
81686;"2017-01-01 16:53:42";192.168.102.136;""GET / HTTP/1.1"";200;""Mozilla/5.0 (Windows NT 6.1; WOW64) AppleWebKit/537.36 (KHTML, like Gecko) Chrome/59.0.3071.86 Safari/537.36""
81838;"2017-01-01 16:55:21";192.168.102.136;""GET / HTTP/1.1"";200;""Mozilla/5.0 (Windows NT 6.1; WOW64) AppleWebKit/537.36 (KHTML, like Gecko) Chrome/59.0.3071.86 Safari/537.36""
81851;"2017-01-01 16:55:29";192.168.102.136;""GET / HTTP/1.1"";200;""Mozilla/5.0 (Windows NT 6.1; WOW64) AppleWebKit/537.36 (KHTML, like Gecko) Chrome/59.0.3071.86 Safari/537.36""
81952;"2017-01-01 16:56:35";192.168.102.136;""GET / HTTP/1.1"";200;""Mozilla/5.0 (Windows NT 6.1; WOW64) AppleWebKit/537.36 (KHTML, like Gecko) Chrome/59.0.3071.86 Safari/537.36""
82071;"2017-01-01 16:57:52";192.168.102.136;""GET / HTTP/1.1"";200;""Mozilla/5.0 (Windows NT 6.1; WOW64) AppleWebKit/537.36 (KHTML, like Gecko) Chrome/59.0.3071.86 Safari/537.36""
82462;"2017-01-01 17:02:49";192.168.102.136;""GET / HTTP/1.1"";200;""Mozilla/5.0 (Windows NT 6.1; WOW64) AppleWebKit/537.36 (KHTML, like Gecko) Chrome/59.0.3071.86 Safari/537.36""
82740;"2017-01-01 17:06:21";192.168.102.136;""GET / HTTP/1.1"";200;""Mozilla/5.0 (Windows NT 6.1; WOW64) AppleWebKit/537.36 (KHTML, like Gecko) Chrome/59.0.3071.86 Safari/537.36""
82788;"2017-01-01 17:07:05";192.168.102.136;""GET / HTTP/1.1"";200;""Mozilla/5.0 (Windows NT 6.1; WOW64) AppleWebKit/537.36 (KHTML, like Gecko) Chrome/59.0.3071.86 Safari/537.36""
82797;"2017-01-01 17:07:16";192.168.102.136;""GET / HTTP/1.1"";200;""Mozilla/5.0 (Windows NT 6.1; WOW64) AppleWebKit/537.36 (KHTML, like Gecko) Chrome/59.0.3071.86 Safari/537.36""
83309;"2017-01-01 17:14:10";192.168.102.136;""GET / HTTP/1.1"";200;""Mozilla/5.0 (Windows NT 6.1; WOW64) AppleWebKit/537.36 (KHTML, like Gecko) Chrome/59.0.3071.86 Safari/537.36""
83491;"2017-01-01 17:16:39";192.168.102.136;""GET / HTTP/1.1"";200;""Mozilla/5.0 (Windows NT 6.1; WOW64) AppleWebKit/537.36 (KHTML, like Gecko) Chrome/59.0.3071.86 Safari/537.36""
83589;"2017-01-01 17:17:50";192.168.102.136;""GET / HTTP/1.1"";200;""Mozilla/5.0 (Windows NT 6.1; WOW64) AppleWebKit/537.36 (KHTML, like Gecko) Chrome/59.0.3071.86 Safari/537.36""
83603;"2017-01-01 17:18:00";192.168.102.136;""GET / HTTP/1.1"";200;""Mozilla/5.0 (Windows NT 6.1; WOW64) AppleWebKit/537.36 (KHTML, like Gecko) Chrome/59.0.3071.86 Safari/537.36""
84129;"2017-01-01 17:24:24";192.168.102.136;""GET / HTTP/1.1"";200;""Mozilla/5.0 (Windows NT 6.1; WOW64) AppleWebKit/537.36 (KHTML, like Gecko) Chrome/59.0.3071.86 Safari/537.36""
84210;"2017-01-01 17:25:26";192.168.102.136;""GET / HTTP/1.1"";200;""Mozilla/5.0 (Windows NT 6.1; WOW64) AppleWebKit/537.36 (KHTML, like Gecko) Chrome/59.0.3071.86 Safari/537.36""
84454;"2017-01-01 17:28:26";192.168.102.136;""GET / HTTP/1.1"";200;""Mozilla/5.0 (Windows NT 6.1; WOW64) AppleWebKit/537.36 (KHTML, like Gecko) Chrome/59.0.3071.86 Safari/537.36""
84645;"2017-01-01 17:30:40";192.168.102.136;""GET / HTTP/1.1"";200;""Mozilla/5.0 (Windows NT 6.1; WOW64) AppleWebKit/537.36 (KHTML, like Gecko) Chrome/59.0.3071.86 Safari/537.36""
84873;"2017-01-01 17:33:24";192.168.102.136;""GET / HTTP/1.1"";200;""Mozilla/5.0 (Windows NT 6.1; WOW64) AppleWebKit/537.36 (KHTML, like Gecko) Chrome/59.0.3071.86 Safari/537.36""
84975;"2017-01-01 17:34:37";192.168.102.136;""GET / HTTP/1.1"";200;""Mozilla/5.0 (Windows NT 6.1; WOW64) AppleWebKit/537.36 (KHTML, like Gecko) Chrome/59.0.3071.86 Safari/537.36""
85141;"2017-01-01 17:36:39";192.168.102.136;""GET / HTTP/1.1"";200;""Mozilla/5.0 (Windows NT 6.1; WOW64) AppleWebKit/537.36 (KHTML, like Gecko) Chrome/59.0.3071.86 Safari/537.36""
85166;"2017-01-01 17:36:55";192.168.102.136;""GET / HTTP/1.1"";200;""Mozilla/5.0 (Windows NT 6.1; WOW64) AppleWebKit/537.36 (KHTML, like Gecko) Chrome/59.0.3071.86 Safari/537.36""
85303;"2017-01-01 17:38:41";192.168.102.136;""GET / HTTP/1.1"";200;""Mozilla/5.0 (Windows NT 6.1; WOW64) AppleWebKit/537.36 (KHTML, like Gecko) Chrome/59.0.3071.86 Safari/537.36""
85900;"2017-01-01 17:46:22";192.168.102.136;""GET / HTTP/1.1"";200;""Mozilla/5.0 (Windows NT 6.1; WOW64) AppleWebKit/537.36 (KHTML, like Gecko) Chrome/59.0.3071.86 Safari/537.36""
85935;"2017-01-01 17:46:51";192.168.102.136;""GET / HTTP/1.1"";200;""Mozilla/5.0 (Windows NT 6.1; WOW64) AppleWebKit/537.36 (KHTML, like Gecko) Chrome/59.0.3071.86 Safari/537.36""
86054;"2017-01-01 17:48:28";192.168.102.136;""GET / HTTP/1.1"";200;""Mozilla/5.0 (Windows NT 6.1; WOW64) AppleWebKit/537.36 (KHTML, like Gecko) Chrome/59.0.3071.86 Safari/537.36""
86293;"2017-01-01 17:51:18";192.168.102.136;""GET / HTTP/1.1"";200;""Mozilla/5.0 (Windows NT 6.1; WOW64) AppleWebKit/537.36 (KHTML, like Gecko) Chrome/59.0.3071.86 Safari/537.36""
86366;"2017-01-01 17:52:23";192.168.102.136;""GET / HTTP/1.1"";200;""Mozilla/5.0 (Windows NT 6.1; WOW64) AppleWebKit/537.36 (KHTML, like Gecko) Chrome/59.0.3071.86 Safari/537.36""
87729;"2017-01-01 18:08:32";192.168.102.136;""GET / HTTP/1.1"";200;""Mozilla/5.0 (Windows NT 6.1; WOW64) AppleWebKit/537.36 (KHTML, like Gecko) Chrome/59.0.3071.86 Safari/537.36""
88140;"2017-01-01 18:12:54";192.168.102.136;""GET / HTTP/1.1"";200;""Mozilla/5.0 (Windows NT 6.1; WOW64) AppleWebKit/537.36 (KHTML, like Gecko) Chrome/59.0.3071.86 Safari/537.36""
88147;"2017-01-01 18:12:57";192.168.102.136;""GET / HTTP/1.1"";200;""Mozilla/5.0 (Windows NT 6.1; WOW64) AppleWebKit/537.36 (KHTML, like Gecko) Chrome/59.0.3071.86 Safari/537.36""
88572;"2017-01-01 18:17:23";192.168.102.136;""GET / HTTP/1.1"";200;""Mozilla/5.0 (Windows NT 6.1; WOW64) AppleWebKit/537.36 (KHTML, like Gecko) Chrome/59.0.3071.86 Safari/537.36""
90064;"2017-01-01 18:33:53";192.168.102.136;""GET / HTTP/1.1"";200;""Mozilla/5.0 (Windows NT 6.1; WOW64) AppleWebKit/537.36 (KHTML, like Gecko) Chrome/59.0.3071.86 Safari/537.36""
90191;"2017-01-01 18:35:26";192.168.102.136;""GET / HTTP/1.1"";200;""Mozilla/5.0 (Windows NT 6.1; WOW64) AppleWebKit/537.36 (KHTML, like Gecko) Chrome/59.0.3071.86 Safari/537.36""
90270;"2017-01-01 18:36:14";192.168.102.136;""GET / HTTP/1.1"";200;""Mozilla/5.0 (Windows NT 6.1; WOW64) AppleWebKit/537.36 (KHTML, like Gecko) Chrome/59.0.3071.86 Safari/537.36""
90784;"2017-01-01 18:41:49";192.168.102.136;""GET / HTTP/1.1"";200;""Mozilla/5.0 (Windows NT 6.1; WOW64) AppleWebKit/537.36 (KHTML, like Gecko) Chrome/59.0.3071.86 Safari/537.36""
90923;"2017-01-01 18:43:10";192.168.102.136;""GET / HTTP/1.1"";200;""Mozilla/5.0 (Windows NT 6.1; WOW64) AppleWebKit/537.36 (KHTML, like Gecko) Chrome/59.0.3071.86 Safari/537.36""
91276;"2017-01-01 18:46:44";192.168.102.136;""GET / HTTP/1.1"";200;""Mozilla/5.0 (Windows NT 6.1; WOW64) AppleWebKit/537.36 (KHTML, like Gecko) Chrome/59.0.3071.86 Safari/537.36""
91331;"2017-01-01 18:47:19";192.168.102.136;""GET / HTTP/1.1"";200;""Mozilla/5.0 (Windows NT 6.1; WOW64) AppleWebKit/537.36 (KHTML, like Gecko) Chrome/59.0.3071.86 Safari/537.36""
91755;"2017-01-01 18:51:48";192.168.102.136;""GET / HTTP/1.1"";200;""Mozilla/5.0 (Windows NT 6.1; WOW64) AppleWebKit/537.36 (KHTML, like Gecko) Chrome/59.0.3071.86 Safari/537.36""
91904;"2017-01-01 18:53:24";192.168.102.136;""GET / HTTP/1.1"";200;""Mozilla/5.0 (Windows NT 6.1; WOW64) AppleWebKit/537.36 (KHTML, like Gecko) Chrome/59.0.3071.86 Safari/537.36""
92120;"2017-01-01 18:55:35";192.168.102.136;""GET / HTTP/1.1"";200;""Mozilla/5.0 (Windows NT 6.1; WOW64) AppleWebKit/537.36 (KHTML, like Gecko) Chrome/59.0.3071.86 Safari/537.36""
92548;"2017-01-01 18:59:51";192.168.102.136;""GET / HTTP/1.1"";200;""Mozilla/5.0 (Windows NT 6.1; WOW64) AppleWebKit/537.36 (KHTML, like Gecko) Chrome/59.0.3071.86 Safari/537.36""
93081;"2017-01-01 19:06:41";192.168.102.136;""GET / HTTP/1.1"";200;""Mozilla/5.0 (Windows NT 6.1; WOW64) AppleWebKit/537.36 (KHTML, like Gecko) Chrome/59.0.3071.86 Safari/537.36""
93233;"2017-01-01 19:08:44";192.168.102.136;""GET / HTTP/1.1"";200;""Mozilla/5.0 (Windows NT 6.1; WOW64) AppleWebKit/537.36 (KHTML, like Gecko) Chrome/59.0.3071.86 Safari/537.36""
93325;"2017-01-01 19:09:56";192.168.102.136;""GET / HTTP/1.1"";200;""Mozilla/5.0 (Windows NT 6.1; WOW64) AppleWebKit/537.36 (KHTML, like Gecko) Chrome/59.0.3071.86 Safari/537.36""
93408;"2017-01-01 19:11:03";192.168.102.136;""GET / HTTP/1.1"";200;""Mozilla/5.0 (Windows NT 6.1; WOW64) AppleWebKit/537.36 (KHTML, like Gecko) Chrome/59.0.3071.86 Safari/537.36""
93539;"2017-01-01 19:12:37";192.168.102.136;""GET / HTTP/1.1"";200;""Mozilla/5.0 (Windows NT 6.1; WOW64) AppleWebKit/537.36 (KHTML, like Gecko) Chrome/59.0.3071.86 Safari/537.36""
93676;"2017-01-01 19:14:11";192.168.102.136;""GET / HTTP/1.1"";200;""Mozilla/5.0 (Windows NT 6.1; WOW64) AppleWebKit/537.36 (KHTML, like Gecko) Chrome/59.0.3071.86 Safari/537.36""
93803;"2017-01-01 19:15:42";192.168.102.136;""GET / HTTP/1.1"";200;""Mozilla/5.0 (Windows NT 6.1; WOW64) AppleWebKit/537.36 (KHTML, like Gecko) Chrome/59.0.3071.86 Safari/537.36""
93834;"2017-01-01 19:16:07";192.168.102.136;""GET / HTTP/1.1"";200;""Mozilla/5.0 (Windows NT 6.1; WOW64) AppleWebKit/537.36 (KHTML, like Gecko) Chrome/59.0.3071.86 Safari/537.36""
93965;"2017-01-01 19:17:48";192.168.102.136;""GET / HTTP/1.1"";200;""Mozilla/5.0 (Windows NT 6.1; WOW64) AppleWebKit/537.36 (KHTML, like Gecko) Chrome/59.0.3071.86 Safari/537.36""
94251;"2017-01-01 19:21:07";192.168.102.136;""GET / HTTP/1.1"";200;""Mozilla/5.0 (Windows NT 6.1; WOW64) AppleWebKit/537.36 (KHTML, like Gecko) Chrome/59.0.3071.86 Safari/537.36""
94364;"2017-01-01 19:22:34";192.168.102.136;""GET / HTTP/1.1"";200;""Mozilla/5.0 (Windows NT 6.1; WOW64) AppleWebKit/537.36 (KHTML, like Gecko) Chrome/59.0.3071.86 Safari/537.36""
94520;"2017-01-01 19:24:28";192.168.102.136;""GET / HTTP/1.1"";200;""Mozilla/5.0 (Windows NT 6.1; WOW64) AppleWebKit/537.36 (KHTML, like Gecko) Chrome/59.0.3071.86 Safari/537.36""
95628;"2017-01-01 19:39:14";192.168.102.136;""GET / HTTP/1.1"";200;""Mozilla/5.0 (Windows NT 6.1; WOW64) AppleWebKit/537.36 (KHTML, like Gecko) Chrome/59.0.3071.86 Safari/537.36""
95892;"2017-01-01 19:42:41";192.168.102.136;""GET / HTTP/1.1"";200;""Mozilla/5.0 (Windows NT 6.1; WOW64) AppleWebKit/537.36 (KHTML, like Gecko) Chrome/59.0.3071.86 Safari/537.36""
96076;"2017-01-01 19:44:54";192.168.102.136;""GET / HTTP/1.1"";200;""Mozilla/5.0 (Windows NT 6.1; WOW64) AppleWebKit/537.36 (KHTML, like Gecko) Chrome/59.0.3071.86 Safari/537.36""
96134;"2017-01-01 19:45:41";192.168.102.136;""GET / HTTP/1.1"";200;""Mozilla/5.0 (Windows NT 6.1; WOW64) AppleWebKit/537.36 (KHTML, like Gecko) Chrome/59.0.3071.86 Safari/537.36""
96324;"2017-01-01 19:47:56";192.168.102.136;""GET / HTTP/1.1"";200;""Mozilla/5.0 (Windows NT 6.1; WOW64) AppleWebKit/537.36 (KHTML, like Gecko) Chrome/59.0.3071.86 Safari/537.36""
96524;"2017-01-01 19:50:22";192.168.102.136;""GET / HTTP/1.1"";200;""Mozilla/5.0 (Windows NT 6.1; WOW64) AppleWebKit/537.36 (KHTML, like Gecko) Chrome/59.0.3071.86 Safari/537.36""
96599;"2017-01-01 19:51:09";192.168.102.136;""GET / HTTP/1.1"";200;""Mozilla/5.0 (Windows NT 6.1; WOW64) AppleWebKit/537.36 (KHTML, like Gecko) Chrome/59.0.3071.86 Safari/537.36""
96642;"2017-01-01 19:51:40";192.168.102.136;""GET / HTTP/1.1"";200;""Mozilla/5.0 (Windows NT 6.1; WOW64) AppleWebKit/537.36 (KHTML, like Gecko) Chrome/59.0.3071.86 Safari/537.36""
96942;"2017-01-01 19:55:06";192.168.102.136;""GET / HTTP/1.1"";200;""Mozilla/5.0 (Windows NT 6.1; WOW64) AppleWebKit/537.36 (KHTML, like Gecko) Chrome/59.0.3071.86 Safari/537.36""
96966;"2017-01-01 19:55:19";192.168.102.136;""GET / HTTP/1.1"";200;""Mozilla/5.0 (Windows NT 6.1; WOW64) AppleWebKit/537.36 (KHTML, like Gecko) Chrome/59.0.3071.86 Safari/537.36""
97158;"2017-01-01 19:57:52";192.168.102.136;""GET / HTTP/1.1"";200;""Mozilla/5.0 (Windows NT 6.1; WOW64) AppleWebKit/537.36 (KHTML, like Gecko) Chrome/59.0.3071.86 Safari/537.36""
97859;"2017-01-01 20:06:08";192.168.102.136;""GET / HTTP/1.1"";200;""Mozilla/5.0 (Windows NT 6.1; WOW64) AppleWebKit/537.36 (KHTML, like Gecko) Chrome/59.0.3071.86 Safari/537.36""
98524;"2017-01-01 20:13:25";192.168.102.136;""GET / HTTP/1.1"";200;""Mozilla/5.0 (Windows NT 6.1; WOW64) AppleWebKit/537.36 (KHTML, like Gecko) Chrome/59.0.3071.86 Safari/537.36""
98583;"2017-01-01 20:14:03";192.168.102.136;""GET / HTTP/1.1"";200;""Mozilla/5.0 (Windows NT 6.1; WOW64) AppleWebKit/537.36 (KHTML, like Gecko) Chrome/59.0.3071.86 Safari/537.36""
98929;"2017-01-01 20:18:08";192.168.102.136;""GET / HTTP/1.1"";200;""Mozilla/5.0 (Windows NT 6.1; WOW64) AppleWebKit/537.36 (KHTML, like Gecko) Chrome/59.0.3071.86 Safari/537.36""
98960;"2017-01-01 20:18:25";192.168.102.136;""GET / HTTP/1.1"";200;""Mozilla/5.0 (Windows NT 6.1; WOW64) AppleWebKit/537.36 (KHTML, like Gecko) Chrome/59.0.3071.86 Safari/537.36""
99219;"2017-01-01 20:21:22";192.168.102.136;""GET / HTTP/1.1"";200;""Mozilla/5.0 (Windows NT 6.1; WOW64) AppleWebKit/537.36 (KHTML, like Gecko) Chrome/59.0.3071.86 Safari/537.36""
99387;"2017-01-01 20:23:27";192.168.102.136;""GET / HTTP/1.1"";200;""Mozilla/5.0 (Windows NT 6.1; WOW64) AppleWebKit/537.36 (KHTML, like Gecko) Chrome/59.0.3071.86 Safari/537.36""
100242;"2017-01-01 20:33:12";192.168.102.136;""GET / HTTP/1.1"";200;""Mozilla/5.0 (Windows NT 6.1; WOW64) AppleWebKit/537.36 (KHTML, like Gecko) Chrome/59.0.3071.86 Safari/537.36""
100271;"2017-01-01 20:33:33";192.168.102.136;""GET / HTTP/1.1"";200;""Mozilla/5.0 (Windows NT 6.1; WOW64) AppleWebKit/537.36 (KHTML, like Gecko) Chrome/59.0.3071.86 Safari/537.36""
100583;"2017-01-01 20:36:59";192.168.102.136;""GET / HTTP/1.1"";200;""Mozilla/5.0 (Windows NT 6.1; WOW64) AppleWebKit/537.36 (KHTML, like Gecko) Chrome/59.0.3071.86 Safari/537.36""
100730;"2017-01-01 20:38:40";192.168.102.136;""GET / HTTP/1.1"";200;""Mozilla/5.0 (Windows NT 6.1; WOW64) AppleWebKit/537.36 (KHTML, like Gecko) Chrome/59.0.3071.86 Safari/537.36""
100804;"2017-01-01 20:39:36";192.168.102.136;""GET / HTTP/1.1"";200;""Mozilla/5.0 (Windows NT 6.1; WOW64) AppleWebKit/537.36 (KHTML, like Gecko) Chrome/59.0.3071.86 Safari/537.36""
100812;"2017-01-01 20:39:42";192.168.102.136;""GET / HTTP/1.1"";200;""Mozilla/5.0 (Windows NT 6.1; WOW64) AppleWebKit/537.36 (KHTML, like Gecko) Chrome/59.0.3071.86 Safari/537.36""
100854;"2017-01-01 20:40:02";192.168.102.136;""GET / HTTP/1.1"";200;""Mozilla/5.0 (Windows NT 6.1; WOW64) AppleWebKit/537.36 (KHTML, like Gecko) Chrome/59.0.3071.86 Safari/537.36""
100973;"2017-01-01 20:41:26";192.168.102.136;""GET / HTTP/1.1"";200;""Mozilla/5.0 (Windows NT 6.1; WOW64) AppleWebKit/537.36 (KHTML, like Gecko) Chrome/59.0.3071.86 Safari/537.36""
101192;"2017-01-01 20:43:58";192.168.102.136;""GET / HTTP/1.1"";200;""Mozilla/5.0 (Windows NT 6.1; WOW64) AppleWebKit/537.36 (KHTML, like Gecko) Chrome/59.0.3071.86 Safari/537.36""
101494;"2017-01-01 20:47:19";192.168.102.136;""GET / HTTP/1.1"";200;""Mozilla/5.0 (Windows NT 6.1; WOW64) AppleWebKit/537.36 (KHTML, like Gecko) Chrome/59.0.3071.86 Safari/537.36""
101505;"2017-01-01 20:47:27";192.168.102.136;""GET / HTTP/1.1"";200;""Mozilla/5.0 (Windows NT 6.1; WOW64) AppleWebKit/537.36 (KHTML, like Gecko) Chrome/59.0.3071.86 Safari/537.36""
101595;"2017-01-01 20:48:25";192.168.102.136;""GET / HTTP/1.1"";200;""Mozilla/5.0 (Windows NT 6.1; WOW64) AppleWebKit/537.36 (KHTML, like Gecko) Chrome/59.0.3071.86 Safari/537.36""
101672;"2017-01-01 20:49:14";192.168.102.136;""GET / HTTP/1.1"";200;""Mozilla/5.0 (Windows NT 6.1; WOW64) AppleWebKit/537.36 (KHTML, like Gecko) Chrome/59.0.3071.86 Safari/537.36""
101825;"2017-01-01 20:51:00";192.168.102.136;""GET / HTTP/1.1"";200;""Mozilla/5.0 (Windows NT 6.1; WOW64) AppleWebKit/537.36 (KHTML, like Gecko) Chrome/59.0.3071.86 Safari/537.36""
102156;"2017-01-01 20:54:43";192.168.102.136;""GET / HTTP/1.1"";200;""Mozilla/5.0 (Windows NT 6.1; WOW64) AppleWebKit/537.36 (KHTML, like Gecko) Chrome/59.0.3071.86 Safari/537.36""
102236;"2017-01-01 20:55:41";192.168.102.136;""GET / HTTP/1.1"";200;""Mozilla/5.0 (Windows NT 6.1; WOW64) AppleWebKit/537.36 (KHTML, like Gecko) Chrome/59.0.3071.86 Safari/537.36""
102334;"2017-01-01 20:56:36";192.168.102.136;""GET / HTTP/1.1"";200;""Mozilla/5.0 (Windows NT 6.1; WOW64) AppleWebKit/537.36 (KHTML, like Gecko) Chrome/59.0.3071.86 Safari/537.36""
102492;"2017-01-01 20:58:23";192.168.102.136;""GET / HTTP/1.1"";200;""Mozilla/5.0 (Windows NT 6.1; WOW64) AppleWebKit/537.36 (KHTML, like Gecko) Chrome/59.0.3071.86 Safari/537.36""
103213;"2017-01-01 21:07:55";192.168.102.136;""GET / HTTP/1.1"";200;""Mozilla/5.0 (Windows NT 6.1; WOW64) AppleWebKit/537.36 (KHTML, like Gecko) Chrome/59.0.3071.86 Safari/537.36""
103502;"2017-01-01 21:11:32";192.168.102.136;""GET / HTTP/1.1"";200;""Mozilla/5.0 (Windows NT 6.1; WOW64) AppleWebKit/537.36 (KHTML, like Gecko) Chrome/59.0.3071.86 Safari/537.36""
104370;"2017-01-01 21:22:44";192.168.102.136;""GET / HTTP/1.1"";200;""Mozilla/5.0 (Windows NT 6.1; WOW64) AppleWebKit/537.36 (KHTML, like Gecko) Chrome/59.0.3071.86 Safari/537.36""
104659;"2017-01-01 21:26:26";192.168.102.136;""GET / HTTP/1.1"";200;""Mozilla/5.0 (Windows NT 6.1; WOW64) AppleWebKit/537.36 (KHTML, like Gecko) Chrome/59.0.3071.86 Safari/537.36""
104902;"2017-01-01 21:29:29";192.168.102.136;""GET / HTTP/1.1"";200;""Mozilla/5.0 (Windows NT 6.1; WOW64) AppleWebKit/537.36 (KHTML, like Gecko) Chrome/59.0.3071.86 Safari/537.36""
105192;"2017-01-01 21:33:13";192.168.102.136;""GET / HTTP/1.1"";200;""Mozilla/5.0 (Windows NT 6.1; WOW64) AppleWebKit/537.36 (KHTML, like Gecko) Chrome/59.0.3071.86 Safari/537.36""
105512;"2017-01-01 21:37:49";192.168.102.136;""GET / HTTP/1.1"";200;""Mozilla/5.0 (Windows NT 6.1; WOW64) AppleWebKit/537.36 (KHTML, like Gecko) Chrome/59.0.3071.86 Safari/537.36""
106111;"2017-01-01 21:45:34";192.168.102.136;""GET / HTTP/1.1"";200;""Mozilla/5.0 (Windows NT 6.1; WOW64) AppleWebKit/537.36 (KHTML, like Gecko) Chrome/59.0.3071.86 Safari/537.36""
106235;"2017-01-01 21:47:08";192.168.102.136;""GET / HTTP/1.1"";200;""Mozilla/5.0 (Windows NT 6.1; WOW64) AppleWebKit/537.36 (KHTML, like Gecko) Chrome/59.0.3071.86 Safari/537.36""
106265;"2017-01-01 21:47:37";192.168.102.136;""GET / HTTP/1.1"";200;""Mozilla/5.0 (Windows NT 6.1; WOW64) AppleWebKit/537.36 (KHTML, like Gecko) Chrome/59.0.3071.86 Safari/537.36""
106433;"2017-01-01 21:49:44";192.168.102.136;""GET / HTTP/1.1"";200;""Mozilla/5.0 (Windows NT 6.1; WOW64) AppleWebKit/537.36 (KHTML, like Gecko) Chrome/59.0.3071.86 Safari/537.36""
106454;"2017-01-01 21:50:00";192.168.102.136;""GET / HTTP/1.1"";200;""Mozilla/5.0 (Windows NT 6.1; WOW64) AppleWebKit/537.36 (KHTML, like Gecko) Chrome/59.0.3071.86 Safari/537.36""
106691;"2017-01-01 21:52:56";192.168.102.136;""GET / HTTP/1.1"";200;""Mozilla/5.0 (Windows NT 6.1; WOW64) AppleWebKit/537.36 (KHTML, like Gecko) Chrome/59.0.3071.86 Safari/537.36""
107111;"2017-01-01 21:58:41";192.168.102.136;""GET / HTTP/1.1"";200;""Mozilla/5.0 (Windows NT 6.1; WOW64) AppleWebKit/537.36 (KHTML, like Gecko) Chrome/59.0.3071.86 Safari/537.36""
107302;"2017-01-01 22:01:07";192.168.102.136;""GET / HTTP/1.1"";200;""Mozilla/5.0 (Windows NT 6.1; WOW64) AppleWebKit/537.36 (KHTML, like Gecko) Chrome/59.0.3071.86 Safari/537.36""
107354;"2017-01-01 22:01:39";192.168.102.136;""GET / HTTP/1.1"";200;""Mozilla/5.0 (Windows NT 6.1; WOW64) AppleWebKit/537.36 (KHTML, like Gecko) Chrome/59.0.3071.86 Safari/537.36""
107441;"2017-01-01 22:02:48";192.168.102.136;""GET / HTTP/1.1"";200;""Mozilla/5.0 (Windows NT 6.1; WOW64) AppleWebKit/537.36 (KHTML, like Gecko) Chrome/59.0.3071.86 Safari/537.36""
107531;"2017-01-01 22:03:56";192.168.102.136;""GET / HTTP/1.1"";200;""Mozilla/5.0 (Windows NT 6.1; WOW64) AppleWebKit/537.36 (KHTML, like Gecko) Chrome/59.0.3071.86 Safari/537.36""
107707;"2017-01-01 22:06:11";192.168.102.136;""GET / HTTP/1.1"";200;""Mozilla/5.0 (Windows NT 6.1; WOW64) AppleWebKit/537.36 (KHTML, like Gecko) Chrome/59.0.3071.86 Safari/537.36""
107926;"2017-01-01 22:08:51";192.168.102.136;""GET / HTTP/1.1"";200;""Mozilla/5.0 (Windows NT 6.1; WOW64) AppleWebKit/537.36 (KHTML, like Gecko) Chrome/59.0.3071.86 Safari/537.36""
107996;"2017-01-01 22:09:35";192.168.102.136;""GET / HTTP/1.1"";200;""Mozilla/5.0 (Windows NT 6.1; WOW64) AppleWebKit/537.36 (KHTML, like Gecko) Chrome/59.0.3071.86 Safari/537.36""
108485;"2017-01-01 22:16:09";192.168.102.136;""GET / HTTP/1.1"";200;""Mozilla/5.0 (Windows NT 6.1; WOW64) AppleWebKit/537.36 (KHTML, like Gecko) Chrome/59.0.3071.86 Safari/537.36""
108565;"2017-01-01 22:17:09";192.168.102.136;""GET / HTTP/1.1"";200;""Mozilla/5.0 (Windows NT 6.1; WOW64) AppleWebKit/537.36 (KHTML, like Gecko) Chrome/59.0.3071.86 Safari/537.36""
108579;"2017-01-01 22:17:18";192.168.102.136;""GET / HTTP/1.1"";200;""Mozilla/5.0 (Windows NT 6.1; WOW64) AppleWebKit/537.36 (KHTML, like Gecko) Chrome/59.0.3071.86 Safari/537.36""
108634;"2017-01-01 22:17:59";192.168.102.136;""GET / HTTP/1.1"";200;""Mozilla/5.0 (Windows NT 6.1; WOW64) AppleWebKit/537.36 (KHTML, like Gecko) Chrome/59.0.3071.86 Safari/537.36""
108892;"2017-01-01 22:21:13";192.168.102.136;""GET / HTTP/1.1"";200;""Mozilla/5.0 (Windows NT 6.1; WOW64) AppleWebKit/537.36 (KHTML, like Gecko) Chrome/59.0.3071.86 Safari/537.36""
109017;"2017-01-01 22:22:52";192.168.102.136;""GET / HTTP/1.1"";200;""Mozilla/5.0 (Windows NT 6.1; WOW64) AppleWebKit/537.36 (KHTML, like Gecko) Chrome/59.0.3071.86 Safari/537.36""
109041;"2017-01-01 22:23:14";192.168.102.136;""GET / HTTP/1.1"";200;""Mozilla/5.0 (Windows NT 6.1; WOW64) AppleWebKit/537.36 (KHTML, like Gecko) Chrome/59.0.3071.86 Safari/537.36""
109240;"2017-01-01 22:25:53";192.168.102.136;""GET / HTTP/1.1"";200;""Mozilla/5.0 (Windows NT 6.1; WOW64) AppleWebKit/537.36 (KHTML, like Gecko) Chrome/59.0.3071.86 Safari/537.36""
109590;"2017-01-01 22:30:59";192.168.102.136;""GET / HTTP/1.1"";200;""Mozilla/5.0 (Windows NT 6.1; WOW64) AppleWebKit/537.36 (KHTML, like Gecko) Chrome/59.0.3071.86 Safari/537.36""
109711;"2017-01-01 22:32:42";192.168.102.136;""GET / HTTP/1.1"";200;""Mozilla/5.0 (Windows NT 6.1; WOW64) AppleWebKit/537.36 (KHTML, like Gecko) Chrome/59.0.3071.86 Safari/537.36""
109751;"2017-01-01 22:33:16";192.168.102.136;""GET / HTTP/1.1"";200;""Mozilla/5.0 (Windows NT 6.1; WOW64) AppleWebKit/537.36 (KHTML, like Gecko) Chrome/59.0.3071.86 Safari/537.36""
110687;"2017-01-01 22:44:48";192.168.102.136;""GET / HTTP/1.1"";200;""Mozilla/5.0 (Windows NT 6.1; WOW64) AppleWebKit/537.36 (KHTML, like Gecko) Chrome/59.0.3071.86 Safari/537.36""
110719;"2017-01-01 22:45:15";192.168.102.136;""GET / HTTP/1.1"";200;""Mozilla/5.0 (Windows NT 6.1; WOW64) AppleWebKit/537.36 (KHTML, like Gecko) Chrome/59.0.3071.86 Safari/537.36""
110728;"2017-01-01 22:45:24";192.168.102.136;""GET / HTTP/1.1"";200;""Mozilla/5.0 (Windows NT 6.1; WOW64) AppleWebKit/537.36 (KHTML, like Gecko) Chrome/59.0.3071.86 Safari/537.36""
110940;"2017-01-01 22:48:04";192.168.102.136;""GET / HTTP/1.1"";200;""Mozilla/5.0 (Windows NT 6.1; WOW64) AppleWebKit/537.36 (KHTML, like Gecko) Chrome/59.0.3071.86 Safari/537.36""
111321;"2017-01-01 22:52:44";192.168.102.136;""GET / HTTP/1.1"";200;""Mozilla/5.0 (Windows NT 6.1; WOW64) AppleWebKit/537.36 (KHTML, like Gecko) Chrome/59.0.3071.86 Safari/537.36""
111427;"2017-01-01 22:54:05";192.168.102.136;""GET / HTTP/1.1"";200;""Mozilla/5.0 (Windows NT 6.1; WOW64) AppleWebKit/537.36 (KHTML, like Gecko) Chrome/59.0.3071.86 Safari/537.36""
111488;"2017-01-01 22:55:03";192.168.102.136;""GET / HTTP/1.1"";200;""Mozilla/5.0 (Windows NT 6.1; WOW64) AppleWebKit/537.36 (KHTML, like Gecko) Chrome/59.0.3071.86 Safari/537.36""
111575;"2017-01-01 22:56:10";192.168.102.136;""GET / HTTP/1.1"";200;""Mozilla/5.0 (Windows NT 6.1; WOW64) AppleWebKit/537.36 (KHTML, like Gecko) Chrome/59.0.3071.86 Safari/537.36""
111960;"2017-01-01 23:01:41";192.168.102.136;""GET / HTTP/1.1"";200;""Mozilla/5.0 (Windows NT 6.1; WOW64) AppleWebKit/537.36 (KHTML, like Gecko) Chrome/59.0.3071.86 Safari/537.36""
112270;"2017-01-01 23:05:41";192.168.102.136;""GET / HTTP/1.1"";200;""Mozilla/5.0 (Windows NT 6.1; WOW64) AppleWebKit/537.36 (KHTML, like Gecko) Chrome/59.0.3071.86 Safari/537.36""
112704;"2017-01-01 23:11:20";192.168.102.136;""GET / HTTP/1.1"";200;""Mozilla/5.0 (Windows NT 6.1; WOW64) AppleWebKit/537.36 (KHTML, like Gecko) Chrome/59.0.3071.86 Safari/537.36""
112804;"2017-01-01 23:12:43";192.168.102.136;""GET / HTTP/1.1"";200;""Mozilla/5.0 (Windows NT 6.1; WOW64) AppleWebKit/537.36 (KHTML, like Gecko) Chrome/59.0.3071.86 Safari/537.36""
113041;"2017-01-01 23:15:55";192.168.102.136;""GET / HTTP/1.1"";200;""Mozilla/5.0 (Windows NT 6.1; WOW64) AppleWebKit/537.36 (KHTML, like Gecko) Chrome/59.0.3071.86 Safari/537.36""
113476;"2017-01-01 23:21:21";192.168.102.136;""GET / HTTP/1.1"";200;""Mozilla/5.0 (Windows NT 6.1; WOW64) AppleWebKit/537.36 (KHTML, like Gecko) Chrome/59.0.3071.86 Safari/537.36""
113486;"2017-01-01 23:21:28";192.168.102.136;""GET / HTTP/1.1"";200;""Mozilla/5.0 (Windows NT 6.1; WOW64) AppleWebKit/537.36 (KHTML, like Gecko) Chrome/59.0.3071.86 Safari/537.36""
114069;"2017-01-01 23:28:42";192.168.102.136;""GET / HTTP/1.1"";200;""Mozilla/5.0 (Windows NT 6.1; WOW64) AppleWebKit/537.36 (KHTML, like Gecko) Chrome/59.0.3071.86 Safari/537.36""
114084;"2017-01-01 23:28:53";192.168.102.136;""GET / HTTP/1.1"";200;""Mozilla/5.0 (Windows NT 6.1; WOW64) AppleWebKit/537.36 (KHTML, like Gecko) Chrome/59.0.3071.86 Safari/537.36""
114211;"2017-01-01 23:30:29";192.168.102.136;""GET / HTTP/1.1"";200;""Mozilla/5.0 (Windows NT 6.1; WOW64) AppleWebKit/537.36 (KHTML, like Gecko) Chrome/59.0.3071.86 Safari/537.36""
114291;"2017-01-01 23:31:25";192.168.102.136;""GET / HTTP/1.1"";200;""Mozilla/5.0 (Windows NT 6.1; WOW64) AppleWebKit/537.36 (KHTML, like Gecko) Chrome/59.0.3071.86 Safari/537.36""
114443;"2017-01-01 23:33:19";192.168.102.136;""GET / HTTP/1.1"";200;""Mozilla/5.0 (Windows NT 6.1; WOW64) AppleWebKit/537.36 (KHTML, like Gecko) Chrome/59.0.3071.86 Safari/537.36""
114974;"2017-01-01 23:40:33";192.168.102.136;""GET / HTTP/1.1"";200;""Mozilla/5.0 (Windows NT 6.1; WOW64) AppleWebKit/537.36 (KHTML, like Gecko) Chrome/59.0.3071.86 Safari/537.36""
114985;"2017-01-01 23:40:40";192.168.102.136;""GET / HTTP/1.1"";200;""Mozilla/5.0 (Windows NT 6.1; WOW64) AppleWebKit/537.36 (KHTML, like Gecko) Chrome/59.0.3071.86 Safari/537.36""
114991;"2017-01-01 23:40:46";192.168.102.136;""GET / HTTP/1.1"";200;""Mozilla/5.0 (Windows NT 6.1; WOW64) AppleWebKit/537.36 (KHTML, like Gecko) Chrome/59.0.3071.86 Safari/537.36""
115551;"2017-01-01 23:48:18";192.168.102.136;""GET / HTTP/1.1"";200;""Mozilla/5.0 (Windows NT 6.1; WOW64) AppleWebKit/537.36 (KHTML, like Gecko) Chrome/59.0.3071.86 Safari/537.36""
116018;"2017-01-01 23:54:21";192.168.102.136;""GET / HTTP/1.1"";200;""Mozilla/5.0 (Windows NT 6.1; WOW64) AppleWebKit/537.36 (KHTML, like Gecko) Chrome/59.0.3071.86 Safari/537.36""
116030;"2017-01-01 23:54:31";192.168.102.136;""GET / HTTP/1.1"";200;""Mozilla/5.0 (Windows NT 6.1; WOW64) AppleWebKit/537.36 (KHTML, like Gecko) Chrome/59.0.3071.86 Safari/537.36""
116057;"2017-01-01 23:54:46";192.168.102.136;""GET / HTTP/1.1"";200;""Mozilla/5.0 (Windows NT 6.1; WOW64) AppleWebKit/537.36 (KHTML, like Gecko) Chrome/59.0.3071.86 Safari/537.36""
116302;"2017-01-01 23:57:42";192.168.102.136;""GET / HTTP/1.1"";200;""Mozilla/5.0 (Windows NT 6.1; WOW64) AppleWebKit/537.36 (KHTML, like Gecko) Chrome/59.0.3071.86 Safari/537.36""
